itemID,X537,X201,X592,X293,X12,X90,X59,X308,X474,X450,X378,X234,X429,X416,X303,X327,X184,X334,X85,X276,user_655_rating
670,2,4,0,0,0,0,4,0,0,0,0,0,0,0,2,0,0,0,0,0,3
1370,0,0,0,0,0,0,0,0,0,0,0,0,0,0,0,0,0,0,0,0,3
1256,0,0,0,0,0,0,0,0,0,0,0,0,0,0,0,0,0,0,0,0,3
164,0,3,0,4,0,0,0,4,0,4,4,3,4,5,4,3,3,3,0,4,2
1436,0,0,0,0,0,0,0,0,0,0,0,0,0,0,0,0,0,0,0,0,2
732,3,0,0,3,0,5,3,4,0,3,4,2,4,5,0,1,0,0,3,4,3
111,3,0,0,2,0,0,4,0,4,4,3,3,2,4,3,4,0,3,0,0,2
464,4,1,0,3,0,5,0,0,0,0,0,4,3,0,0,4,0,0,5,0,3
60,3,0,4,0,0,4,5,3,3,3,0,0,0,0,0,0,0,0,0,0,3
44,3,0,0,0,0,0,4,4,3,3,3,3,3,4,4,3,4,4,0,3,2
750,3,3,5,0,0,4,0,0,0,3,0,0,0,5,0,0,0,0,0,4,2
786,0,0,0,0,0,0,0,0,0,0,0,0,2,0,0,0,0,0,0,3,2
281,1,2,4,0,0,0,0,0,0,4,3,0,3,5,3,3,0,0,3,3,2
268,4,4,5,0,0,4,0,0,0,0,0,2,0,4,5,4,0,4,4,4,3
129,3,4,5,3,0,0,5,5,0,0,0,0,4,0,5,4,0,4,0,0,3
1063,0,3,0,0,0,0,0,0,5,0,4,3,0,0,0,0,0,0,0,0,3
96,3,4,5,3,4,4,5,4,4,4,4,2,4,4,5,2,0,0,0,5,3
658,0,3,0,1,0,0,4,0,0,0,0,0,3,5,5,2,0,3,3,4,3
831,0,0,0,3,0,0,0,0,0,0,0,0,0,0,4,0,0,0,0,3,2
692,0,3,0,0,0,4,3,3,4,4,4,3,3,5,4,0,4,0,3,4,3
962,0,4,0,0,0,2,0,4,0,0,0,0,0,0,0,3,0,0,0,0,5
100,4,4,5,4,0,5,5,5,5,4,4,4,5,5,5,4,5,5,3,5,3
1266,0,0,0,0,0,0,0,0,0,0,0,0,0,0,0,0,0,0,0,0,3
347,4,0,4,2,0,4,0,0,0,4,0,0,0,4,0,0,0,3,0,4,3
1426,0,2,0,0,0,0,0,0,0,0,0,0,0,5,2,0,0,4,0,0,2
296,0,0,0,0,0,0,0,0,0,0,0,0,0,0,0,0,0,0,0,0,4
212,3,4,0,0,0,4,4,0,4,0,0,2,0,0,0,0,4,0,2,0,3
746,3,0,0,3,0,0,5,4,0,0,0,2,3,5,4,3,0,3,0,4,3
250,0,0,4,3,0,0,0,0,0,0,0,0,2,4,4,2,4,3,3,4,3
56,5,5,5,4,0,5,5,5,5,4,4,3,4,5,5,2,3,4,4,5,3
845,2,0,4,2,0,0,5,0,0,4,3,3,4,4,4,3,3,2,3,4,2
536,0,0,0,0,0,0,0,0,0,0,0,0,0,0,0,0,0,0,0,0,3
673,3,3,0,0,0,0,5,4,0,3,0,4,3,0,4,0,0,0,0,0,3
125,0,2,2,2,0,0,3,0,0,4,2,3,0,5,2,0,0,3,0,4,2
1311,0,0,0,3,0,0,0,0,0,4,4,0,0,0,0,0,0,0,0,0,3
912,0,0,0,0,0,0,0,0,0,0,0,0,0,0,0,0,0,0,0,0,3
1196,0,0,0,0,0,4,0,0,0,0,0,0,0,0,0,0,0,0,0,0,3
27,0,3,0,3,0,0,0,0,0,0,0,0,0,4,0,0,0,0,4,3,3
1208,0,4,0,3,0,0,0,0,0,3,0,0,0,0,0,0,0,0,0,3,3
236,3,0,3,0,0,0,0,0,0,0,0,3,0,0,4,0,0,4,0,0,3
124,4,3,5,4,0,0,0,4,5,0,0,4,4,4,4,0,5,5,5,5,3
1281,0,0,3,0,0,0,0,0,0,0,0,0,0,0,0,0,0,0,0,0,3
1174,0,5,0,0,0,0,0,0,0,0,0,0,0,0,0,0,0,0,3,0,3
273,3,2,5,4,0,3,2,2,0,3,4,3,4,4,3,2,0,0,0,4,4
744,3,0,3,0,0,0,0,0,3,0,3,0,4,0,3,0,0,3,0,0,2
6,2,0,0,0,0,4,0,0,0,0,0,0,0,0,0,0,0,0,0,0,4
900,0,0,4,0,0,4,4,0,0,5,0,0,0,0,0,0,0,0,0,0,3
979,2,2,0,0,0,0,0,0,0,0,3,0,0,0,4,0,0,0,0,0,3
326,0,2,4,0,0,0,0,0,3,0,3,0,0,5,2,0,0,1,0,0,2
1141,0,0,0,0,0,0,0,0,0,0,0,0,0,0,0,3,0,0,0,3,3
942,3,0,0,4,0,4,0,3,0,5,3,3,0,4,0,0,3,0,0,4,4
1651,0,0,0,0,0,0,0,0,0,0,0,0,0,0,0,0,0,0,0,0,4
122,0,0,4,3,0,0,0,4,0,0,0,0,0,3,4,0,0,0,0,3,2
1356,0,0,4,0,0,0,0,0,0,0,0,0,0,0,0,0,0,0,0,0,3
411,0,0,2,2,0,0,0,4,2,0,3,0,3,3,4,3,3,0,0,4,3
256,0,0,0,0,0,0,0,0,0,0,0,0,0,0,0,0,0,0,0,0,3
1560,0,0,0,0,0,0,0,0,0,0,0,0,0,0,0,0,0,0,0,0,2
126,0,0,0,0,0,2,5,0,4,5,4,0,0,5,0,0,3,0,0,0,2
1379,0,0,0,0,0,0,0,0,0,0,0,0,0,0,0,0,0,0,0,0,3
1044,0,0,0,2,0,0,0,0,0,4,3,2,0,0,3,0,0,0,0,3,3
899,0,0,0,0,0,0,0,0,0,0,0,0,0,0,0,0,0,4,0,0,2
902,0,0,0,0,0,0,0,0,0,4,0,0,0,0,0,0,0,4,0,4,2
794,0,0,0,0,0,0,0,0,0,5,0,0,3,5,0,0,0,0,0,2,1
181,2,2,3,3,0,0,5,4,5,4,4,3,5,5,5,4,4,4,4,5,3
162,0,0,0,3,0,5,0,4,0,5,4,3,4,0,0,0,0,0,2,0,3
282,0,2,4,2,5,0,0,0,4,5,4,0,3,5,3,0,0,4,3,4,3
174,3,3,5,5,5,5,5,4,5,5,4,3,4,5,5,4,3,4,4,5,3
1061,0,0,0,0,0,0,0,0,0,4,2,0,0,0,0,0,3,0,0,0,2
203,4,5,5,3,3,5,4,5,5,4,4,0,5,3,5,3,3,4,5,4,3
653,4,0,0,5,0,0,0,5,4,0,0,3,0,0,4,0,0,0,0,5,3
1490,0,0,0,0,0,0,0,0,0,3,0,0,0,0,0,0,0,0,0,0,2
1645,0,0,0,0,0,0,0,0,0,0,0,0,0,0,0,0,0,0,0,0,4
1158,0,0,0,0,0,0,0,0,0,0,0,0,0,0,0,0,0,0,0,0,3
483,4,3,5,5,0,5,5,3,5,3,0,5,5,0,5,0,5,5,5,0,4
279,2,0,0,0,0,0,0,0,0,0,0,3,0,0,0,0,0,0,0,0,3
1186,0,0,0,0,0,0,0,0,0,0,0,4,0,0,0,0,0,0,0,0,3
1499,0,0,0,0,0,0,0,0,0,0,0,0,0,0,0,0,0,0,0,0,3
1041,0,0,0,2,0,0,0,0,0,4,0,0,0,3,2,0,0,3,0,0,3
367,0,0,4,2,0,4,4,4,0,3,3,4,3,5,4,4,0,0,0,3,3
1014,0,0,4,0,0,0,0,0,3,0,0,0,3,3,3,0,2,2,0,0,3
559,0,2,0,2,0,0,5,4,0,3,4,0,3,3,4,2,3,0,0,4,2
660,3,3,0,2,0,4,4,3,5,4,4,4,0,5,0,0,3,0,4,0,2
13,4,0,5,0,0,0,5,0,5,3,3,3,0,5,4,2,3,3,3,0,3
896,3,3,0,0,0,3,0,0,0,0,4,0,0,0,0,5,0,5,0,0,4
1085,4,0,3,0,0,0,0,0,0,0,0,0,0,0,0,0,0,0,0,0,2
591,3,3,4,3,5,0,4,3,3,4,4,3,3,5,4,0,3,4,0,3,3
1171,0,0,0,0,0,0,0,0,0,0,0,0,0,0,0,0,0,0,3,0,3
1465,0,0,0,0,0,0,0,0,0,0,0,0,0,0,0,0,0,0,0,0,2
1074,0,0,0,0,0,0,4,3,0,0,3,0,3,5,0,0,0,2,3,3,3
1532,0,0,0,0,0,0,0,0,0,0,0,0,0,0,0,0,0,0,0,0,2
443,3,3,5,4,0,4,5,3,0,4,4,3,4,5,4,0,3,3,4,4,4
716,0,0,0,0,0,0,0,0,0,4,3,0,0,0,2,0,3,3,0,0,2
211,4,3,0,4,0,5,5,4,5,5,0,3,5,5,0,3,0,0,5,0,3
1647,0,0,0,0,0,0,0,0,0,0,0,0,0,0,0,0,0,0,0,0,3
64,3,3,5,5,0,4,5,4,5,4,4,4,4,5,5,2,4,0,5,5,4
1585,0,0,0,0,0,0,0,0,0,0,0,0,0,0,0,0,0,0,0,0,4
320,0,0,5,0,0,0,0,0,0,0,0,0,0,0,0,0,0,0,0,0,5
12,3,4,5,4,0,5,5,5,5,4,5,1,5,5,4,3,0,5,0,5,3
715,4,4,0,3,0,0,5,5,0,3,4,0,0,0,4,4,4,0,4,3,3
1012,0,0,5,0,0,0,0,0,0,0,0,0,3,4,4,2,3,0,0,0,3
70,4,3,4,3,0,5,3,4,4,4,4,3,4,5,4,4,4,3,4,4,2
707,4,0,0,0,0,5,3,0,5,5,3,0,0,4,0,0,4,4,4,0,3
1016,0,0,4,2,0,0,0,0,3,0,0,0,4,5,3,0,0,3,0,3,3
48,4,3,5,5,0,0,5,4,4,0,5,2,3,0,0,4,0,0,0,0,4
14,4,0,5,3,0,5,5,0,5,0,5,3,0,4,0,4,4,3,4,4,3
317,3,3,0,4,0,4,0,0,4,0,5,2,0,5,0,0,3,3,3,4,3
21,0,0,0,0,0,0,0,3,0,0,3,3,2,3,2,0,0,0,0,3,2
693,4,4,0,4,0,3,0,3,0,3,4,2,4,3,4,0,3,3,0,4,3
895,0,3,3,3,0,0,0,0,0,0,0,0,0,4,0,3,0,0,0,0,3
789,2,3,4,2,0,0,4,0,4,0,0,0,4,0,0,0,0,0,0,3,3
1400,2,0,0,0,0,0,0,0,0,0,3,3,0,4,0,0,0,0,0,0,3
272,4,3,5,4,0,5,0,0,0,5,4,0,0,5,0,0,4,4,4,5,3
1140,0,0,0,0,0,0,0,4,0,2,0,0,0,0,0,0,0,0,0,2,3
195,3,3,4,3,4,0,5,5,5,4,3,2,4,5,4,4,0,0,3,5,3
645,0,0,0,0,0,0,0,0,0,0,0,0,0,0,0,4,3,0,0,0,3
311,3,0,0,0,0,4,0,0,0,4,0,0,0,3,0,3,0,4,0,0,3
202,3,3,5,3,4,3,4,4,0,4,3,3,4,4,5,4,3,0,0,4,2
303,4,2,5,4,0,4,0,0,0,0,0,0,0,4,0,0,0,4,0,4,4
405,2,4,4,1,0,0,3,0,4,4,3,0,3,5,4,2,2,3,2,3,2
647,4,0,0,5,0,5,5,0,4,4,0,3,0,0,0,0,5,0,4,4,3
221,3,3,5,0,0,4,0,0,4,4,0,2,0,0,5,0,5,5,2,0,3
1288,0,0,0,0,0,0,0,0,0,0,0,0,0,0,0,0,0,0,0,0,3
1011,3,3,4,3,0,0,0,0,4,0,0,3,4,4,2,0,0,4,0,3,3
481,0,0,0,0,0,5,0,4,4,5,0,5,3,0,0,0,0,5,4,0,2
944,0,0,0,0,0,0,0,0,0,0,0,0,3,0,0,0,0,0,0,0,3
285,4,4,5,5,0,5,4,5,5,0,4,4,0,2,0,4,5,4,0,0,4
1644,0,0,0,0,0,0,0,0,0,0,0,0,0,0,0,0,0,0,0,0,1
171,3,3,0,0,0,2,0,4,4,0,0,0,0,0,4,0,0,4,0,4,2
1322,0,0,0,0,0,0,0,0,0,0,0,0,0,0,0,0,0,0,0,0,2
215,3,2,5,4,4,2,5,3,5,5,4,3,0,5,5,4,4,0,4,4,2
903,0,0,0,0,0,4,0,0,0,0,0,0,0,0,0,0,0,0,0,0,3
717,0,0,0,0,0,0,2,0,0,4,0,0,0,2,0,0,0,0,0,0,1
1111,3,0,0,0,0,0,5,0,0,0,0,0,0,0,0,0,0,0,0,0,3
656,0,4,0,0,0,5,0,3,0,0,0,4,0,0,0,0,0,0,0,0,3
708,3,4,0,3,3,5,4,4,4,4,4,0,3,4,0,4,4,4,4,0,3
183,3,4,5,4,0,0,5,4,5,4,4,4,4,5,5,3,4,4,0,5,4
644,5,3,0,0,0,5,4,0,0,0,0,0,0,0,0,3,4,0,0,0,3
1605,0,0,0,0,0,0,0,0,0,0,0,0,0,0,0,0,0,0,0,0,3
287,0,0,3,0,0,4,5,0,0,4,2,3,0,4,4,0,4,3,0,0,3
1501,0,0,0,0,0,0,0,0,0,0,0,0,0,0,0,0,0,0,0,0,3
363,0,0,0,0,0,0,0,0,0,0,0,0,0,0,1,0,0,0,0,0,3
219,0,4,0,0,0,0,5,3,0,0,0,2,4,4,5,4,0,0,0,4,2
950,3,3,0,0,0,0,0,0,0,0,0,2,0,0,0,0,4,3,0,0,3
1380,0,0,0,0,0,0,0,0,0,0,0,0,0,0,0,0,0,0,0,0,4
127,5,5,5,5,4,4,5,4,5,5,0,4,4,5,5,4,5,4,5,5,5
574,0,0,0,0,0,0,0,0,0,0,0,0,0,0,1,0,0,0,0,0,2
1633,0,0,0,0,0,0,0,0,0,0,0,0,0,0,0,0,0,0,0,0,3
803,0,2,0,0,0,0,0,0,0,0,3,0,0,3,0,0,0,0,0,2,3
51,0,2,0,3,0,0,5,0,0,4,3,0,0,5,0,0,4,0,2,3,2
918,0,0,0,0,0,0,0,0,0,0,3,0,0,4,0,0,0,0,0,0,2
216,3,4,4,4,5,5,4,3,4,5,4,3,4,5,5,3,4,3,3,0,4
19,4,0,0,0,0,3,0,3,0,0,0,0,0,0,0,0,0,4,0,0,2
576,0,0,0,0,0,0,0,0,0,0,3,0,0,5,3,0,0,0,0,3,2
234,3,5,5,5,0,4,5,3,5,3,4,4,4,5,5,5,0,0,4,5,3
1368,0,0,0,0,0,0,0,0,0,0,0,0,0,0,0,0,0,0,0,0,5
966,2,0,0,0,0,5,0,3,4,4,0,4,0,5,0,0,0,0,0,0,3
288,2,4,5,3,0,0,5,4,3,3,3,3,3,5,4,4,0,3,0,4,3
298,0,0,5,4,0,0,0,5,3,0,3,0,5,4,4,3,0,0,4,5,4
248,0,0,4,3,0,0,0,4,4,0,3,0,5,5,2,0,0,4,0,4,2
1137,0,4,0,0,0,2,0,0,0,0,0,0,0,0,0,0,5,4,4,0,3
1553,0,0,0,0,0,0,0,0,0,0,0,0,0,0,0,0,0,0,0,0,4
153,0,0,0,4,0,5,0,5,0,5,4,3,4,4,5,4,3,4,3,4,2
271,2,4,4,0,0,0,0,0,0,0,0,0,0,0,2,3,0,3,0,4,3
469,3,4,4,4,0,0,0,5,4,4,5,0,4,4,0,4,0,0,0,4,3
378,2,0,0,0,0,0,0,3,4,5,0,4,3,5,0,0,4,0,4,0,1
728,0,0,0,0,0,0,0,0,0,3,3,0,0,0,0,0,0,0,0,2,2
963,3,0,5,0,0,0,5,0,5,0,0,3,0,0,0,0,0,0,0,0,3
131,4,0,0,0,0,5,4,4,4,4,0,3,0,0,0,4,0,4,0,0,2
793,0,0,0,0,0,0,0,0,0,0,3,0,0,0,0,0,0,0,0,0,3
200,3,5,0,4,1,0,5,5,3,3,3,5,3,5,4,4,0,4,0,5,4
1010,2,3,5,0,0,0,0,0,0,0,0,2,3,0,0,0,4,5,2,3,3
132,3,0,5,4,5,5,5,3,4,5,4,4,3,4,5,5,5,3,5,0,3
958,2,0,0,0,0,4,0,0,0,0,0,0,0,0,0,0,0,0,0,0,3
1578,0,0,0,0,0,0,0,0,0,0,0,0,0,0,0,0,0,0,0,0,3
30,3,0,0,0,0,5,5,4,0,0,0,4,0,0,0,0,0,0,3,0,5
319,4,2,4,0,0,0,0,4,0,0,3,3,3,5,5,0,0,3,4,0,3
297,0,0,5,4,0,0,0,0,0,0,0,0,0,4,0,0,0,5,0,0,4
54,0,0,0,3,0,0,4,2,0,4,4,2,0,5,3,0,0,0,0,3,2
1639,0,0,0,0,0,0,0,0,0,0,0,0,0,0,0,0,0,0,0,0,4
865,0,0,0,0,0,0,0,0,0,4,0,0,0,3,0,5,0,2,0,0,4
93,3,5,4,0,0,0,0,0,0,0,0,3,4,4,5,4,4,4,0,0,3
522,0,0,5,0,0,0,0,3,0,0,0,0,0,0,0,0,3,0,0,0,3
1375,0,0,0,0,0,0,0,0,0,0,0,0,0,0,0,0,0,0,0,0,3
1144,0,0,0,0,0,0,0,0,0,0,0,0,0,0,0,0,0,0,0,0,3
396,0,3,0,0,0,0,0,4,0,2,4,0,0,2,4,3,3,4,0,4,2
28,3,3,4,3,5,0,5,3,4,4,4,4,3,5,3,3,0,3,4,4,3
533,0,0,4,0,0,0,0,0,0,0,0,0,0,0,0,4,0,0,0,0,2
97,2,2,4,4,5,5,5,1,5,4,5,2,4,5,5,0,2,0,2,3,3
205,5,0,0,0,0,0,3,3,5,4,0,3,0,0,0,0,0,0,4,0,3
57,0,4,0,0,0,5,0,0,0,0,0,0,0,0,0,0,5,0,5,3,3
25,2,3,0,3,0,5,4,4,5,3,4,3,4,4,4,2,4,0,2,4,3
479,4,4,4,4,0,5,5,5,5,4,4,5,4,5,5,0,0,4,4,5,4
381,3,3,0,0,4,0,5,0,4,2,4,3,3,0,4,4,4,0,0,0,3
921,3,0,0,0,0,0,0,4,3,4,4,4,2,0,0,4,0,0,3,0,3
611,0,0,0,0,0,5,3,4,4,5,0,5,4,0,0,0,0,0,0,0,3
292,2,3,1,0,0,0,0,0,0,5,3,4,0,0,0,0,0,0,0,0,2
187,4,3,5,3,0,4,5,5,5,5,0,4,0,5,5,0,4,4,5,5,5
700,0,0,0,0,0,0,0,0,0,1,0,0,3,0,3,0,0,0,0,0,3
1053,0,0,0,0,0,0,0,0,0,3,3,0,0,4,0,0,0,0,0,0,1
568,2,3,5,4,0,5,5,5,0,4,4,0,3,4,4,2,2,0,3,4,3
566,2,3,0,3,0,0,4,4,5,4,3,2,3,0,0,0,0,3,3,4,3
66,0,0,0,2,0,0,0,4,4,4,3,3,2,5,0,3,4,0,0,3,2
740,0,0,0,0,0,0,0,0,0,0,0,0,0,0,0,0,0,3,0,0,3
58,4,4,5,0,0,0,4,3,4,3,4,0,4,5,0,0,4,4,4,4,3
301,2,0,1,0,0,4,0,0,0,4,3,3,3,5,0,3,3,2,4,4,2
657,3,0,4,4,0,5,4,4,5,4,0,4,0,5,0,0,4,4,4,0,3
1634,0,0,0,0,0,0,0,0,0,0,0,0,0,0,0,0,0,0,0,0,2
305,4,0,4,0,0,0,0,0,0,4,0,0,0,3,0,5,0,2,0,0,4
1245,3,4,0,0,0,0,0,0,0,0,0,0,0,0,0,0,0,0,0,3,3
523,3,0,0,0,0,4,4,4,5,5,0,4,0,0,0,4,4,0,4,4,3
906,0,0,0,0,0,2,0,0,0,0,0,0,0,0,0,0,0,5,0,0,2
462,3,1,0,4,0,5,5,0,4,4,0,4,4,5,3,0,4,4,4,4,3
909,0,0,0,0,0,0,0,0,0,0,0,0,0,0,0,0,0,0,0,0,3
359,0,0,0,0,0,0,0,0,0,0,0,0,0,0,0,0,0,0,0,0,3
1640,0,0,0,0,0,0,0,0,0,0,0,0,0,0,0,0,0,0,0,0,3
310,3,0,0,0,0,3,0,0,0,4,0,0,0,5,0,0,0,3,3,0,3
729,0,2,0,2,0,0,4,3,4,4,4,0,2,5,3,0,3,0,0,0,2
517,4,0,0,0,0,3,5,4,4,0,3,3,0,0,5,2,4,0,5,0,4
505,0,3,0,0,0,5,4,3,5,5,0,4,4,0,0,0,0,4,0,0,3
1017,0,0,4,3,0,0,0,0,0,0,0,0,3,0,0,2,0,0,0,0,3
650,0,0,0,0,0,5,5,0,4,4,0,3,0,0,5,4,0,0,0,0,3
1197,3,0,0,0,0,4,0,4,0,3,0,0,0,0,0,0,0,0,0,0,3
1226,0,0,4,3,0,0,0,0,0,4,0,0,0,3,4,0,0,4,0,0,3
1018,0,0,0,3,0,0,0,0,0,0,0,0,3,0,0,0,0,0,4,0,3
500,0,0,0,0,0,4,0,0,0,4,4,3,1,5,0,0,0,3,0,0,2
1099,0,0,0,0,0,0,0,0,0,0,0,0,0,0,0,0,0,0,0,0,3
915,0,0,0,0,0,0,0,0,0,0,0,0,0,5,0,0,0,0,0,4,4
354,0,0,4,0,0,3,0,0,0,4,0,0,0,4,0,0,0,0,0,4,2
874,3,0,0,0,0,0,0,0,0,0,0,1,0,1,0,3,0,0,0,0,4
734,0,0,0,0,0,0,0,0,0,2,3,0,0,3,1,0,0,0,0,1,3
1194,3,4,0,0,0,4,0,0,0,0,0,0,0,0,0,0,0,0,0,3,5
118,0,1,3,0,0,0,5,3,0,3,4,0,3,2,2,0,2,0,0,3,2
1554,0,0,0,0,0,0,0,0,0,0,0,0,0,0,0,0,0,0,0,0,2
781,0,0,0,2,0,0,4,0,0,4,0,2,0,4,0,0,0,0,0,0,1
1351,0,0,0,0,0,0,0,0,0,0,0,0,0,0,0,0,0,0,0,0,3
156,0,4,0,4,0,4,0,4,0,0,0,2,4,5,5,4,0,0,0,5,2
875,1,0,4,0,0,1,0,0,0,0,3,0,0,2,4,4,0,0,0,0,3
220,0,0,0,0,0,4,2,0,0,4,2,0,0,4,0,0,3,3,0,0,2
649,3,3,0,4,0,0,4,4,4,0,0,3,0,0,0,0,0,0,0,4,3
1211,0,3,0,0,0,0,0,3,0,0,3,0,0,0,0,0,0,0,0,0,4
939,0,0,3,2,0,0,0,0,4,4,4,2,4,0,3,0,0,0,0,3,3
823,0,3,1,0,0,0,5,0,0,3,0,0,0,0,0,0,0,0,0,3,2
157,0,4,5,5,5,0,0,5,0,3,3,2,4,4,0,0,0,0,3,5,3
98,3,4,5,4,5,5,5,3,5,4,5,4,4,5,5,4,4,4,4,5,4
15,3,3,5,3,5,0,5,3,5,3,4,3,5,4,3,0,3,0,0,0,3
451,0,0,0,3,0,0,5,0,0,4,4,3,0,5,5,4,4,0,4,3,3
1378,0,0,0,0,0,0,0,0,0,0,0,0,0,0,0,0,0,0,0,0,3
974,0,0,0,0,0,0,3,0,0,0,0,0,0,0,0,0,0,0,0,2,2
198,2,4,5,4,0,5,5,3,3,0,0,3,0,0,4,4,0,0,0,5,4
435,3,4,0,4,0,5,5,4,5,4,4,3,4,0,5,4,0,0,4,0,2
283,4,0,4,2,0,0,0,3,3,3,4,3,3,5,3,0,5,4,3,0,3
233,0,4,0,2,0,0,0,3,0,3,2,2,3,0,4,3,0,0,0,3,3
980,3,3,0,0,0,0,0,0,0,0,0,2,0,4,0,0,0,0,0,0,2
193,4,3,5,3,0,4,4,3,4,5,4,4,4,0,0,0,0,4,3,4,3
76,3,4,0,3,0,0,0,0,4,3,0,2,0,0,0,0,0,0,0,4,3
332,0,2,3,0,0,0,0,0,0,4,0,0,0,4,0,0,0,0,0,4,3
504,3,0,0,4,0,0,5,4,5,5,0,4,3,0,0,0,4,0,4,0,5
1071,0,0,4,0,0,0,0,0,0,0,0,0,2,0,2,0,0,0,0,0,2
674,0,0,0,0,0,0,0,0,0,0,3,0,0,0,0,0,0,0,0,0,3
528,3,0,0,4,0,5,4,3,5,5,5,4,4,0,0,0,5,0,4,0,5
1473,0,0,0,0,0,0,0,0,0,0,0,0,0,0,0,0,0,0,0,0,3
1193,0,4,0,0,0,4,0,0,0,0,0,0,0,0,0,0,0,0,0,0,3
209,4,3,0,3,0,5,5,4,5,0,0,4,4,5,5,4,0,3,4,4,3
1098,0,2,0,2,0,0,0,0,0,0,0,0,0,3,4,4,0,0,4,4,3
604,3,0,0,0,0,5,3,0,4,4,0,5,0,0,0,0,4,0,4,0,4
149,3,0,4,0,0,3,4,0,0,0,0,0,0,0,0,0,0,0,0,0,4
558,4,2,5,3,0,0,0,4,0,3,0,4,0,0,4,4,0,4,0,4,4
1082,0,0,3,0,0,0,0,0,0,0,0,0,0,0,0,0,0,0,0,0,3
778,3,0,0,0,0,0,0,3,0,3,3,0,3,3,4,3,0,0,0,0,2
22,2,2,5,3,0,4,4,4,4,5,5,4,5,5,5,4,3,4,0,5,2
527,4,3,5,4,0,5,5,0,5,5,4,3,5,0,0,4,4,3,4,0,3
1167,0,0,0,0,0,0,0,0,0,0,0,0,0,0,0,0,5,0,3,0,3
300,1,0,0,2,4,3,0,0,0,4,4,3,3,4,1,2,0,3,3,4,3
1135,0,5,0,3,0,0,0,4,0,4,2,0,0,2,2,0,0,0,0,4,3
509,4,3,0,3,0,5,0,4,5,4,4,0,0,5,0,0,4,0,4,0,3
686,0,2,5,3,0,0,0,4,0,4,4,3,2,5,0,4,0,0,0,3,2
742,0,0,4,2,0,0,3,4,0,4,4,0,4,4,4,0,3,2,0,4,3
972,3,3,0,0,0,4,4,0,0,0,4,0,4,4,0,0,3,0,0,0,3
911,0,0,0,0,0,0,0,0,0,0,0,0,0,0,0,0,0,0,0,0,2
69,2,2,5,3,5,1,5,2,5,4,3,4,5,4,5,2,3,1,4,4,3
887,0,0,5,0,0,0,0,0,0,0,0,3,0,0,0,0,0,5,0,0,3
50,4,4,5,5,4,0,5,5,5,5,4,4,5,5,5,3,4,5,5,5,4
825,0,1,1,0,0,0,4,4,0,0,0,0,0,0,3,0,0,0,0,3,2
121,1,2,4,3,0,0,4,3,4,3,4,0,3,5,3,2,2,3,2,4,3
447,3,5,0,4,0,5,5,4,0,0,4,3,0,4,0,4,3,0,3,4,4
302,4,4,5,4,0,5,0,0,5,5,5,0,0,5,4,3,0,5,0,5,4
515,4,5,0,0,0,5,4,3,5,0,0,5,0,5,0,0,5,4,5,0,4
185,4,5,5,5,0,5,5,4,5,5,0,3,4,4,5,0,4,4,0,4,4
1090,0,0,0,0,0,0,0,0,0,0,0,0,0,0,1,0,0,0,0,1,3
1535,0,0,0,0,0,0,0,0,0,0,0,0,0,0,0,0,0,0,0,0,3
238,4,3,5,4,5,0,5,5,4,5,3,3,5,4,4,4,4,4,2,5,3
258,4,2,5,3,0,3,3,0,4,4,4,2,4,5,4,1,3,4,4,5,2
223,0,4,5,4,0,4,0,4,0,3,4,3,4,5,4,0,4,5,0,5,3
92,3,3,5,4,0,0,5,4,4,4,0,0,4,3,4,4,3,0,0,4,3
582,3,5,0,4,0,0,4,3,5,4,5,4,3,0,4,4,4,5,4,3,2
1479,0,0,0,0,0,0,0,0,0,3,0,0,0,0,0,0,0,0,0,0,2
1062,0,0,0,0,0,0,0,0,0,0,0,0,0,0,0,0,0,0,0,0,3
1134,3,0,5,0,0,3,0,0,3,0,4,0,0,0,0,0,0,0,0,0,3
1514,0,0,5,0,0,0,0,0,0,0,0,0,0,0,0,0,0,0,0,0,2
662,0,0,0,0,0,5,3,0,0,4,0,3,3,4,0,0,0,0,0,0,2
117,2,2,5,3,0,3,0,3,4,4,3,2,4,5,3,3,2,3,0,4,2
1319,0,0,1,0,0,0,0,0,0,0,0,0,0,0,0,0,0,0,0,0,3
1106,0,0,0,0,0,0,0,0,0,0,0,0,0,0,0,0,0,0,0,0,2
42,3,4,5,0,0,4,5,4,4,0,4,0,5,3,5,3,0,4,3,4,3
161,0,0,0,2,5,0,3,3,4,5,4,3,3,4,5,3,2,3,4,3,2
18,0,0,0,0,0,3,4,0,0,0,0,0,0,0,0,0,0,0,0,0,3
1252,0,0,0,0,0,0,0,3,0,0,0,0,0,0,0,0,0,0,0,0,3
330,2,0,3,0,0,0,0,0,0,0,0,0,0,3,3,0,0,0,0,0,2
550,2,0,0,1,0,0,5,4,0,4,2,2,3,4,3,2,0,0,0,4,2
337,3,0,0,0,0,0,0,0,0,0,0,0,0,0,0,0,0,4,0,0,2
685,0,3,2,3,0,0,0,0,3,4,0,0,3,3,1,0,0,0,0,4,2
9,0,3,5,0,0,4,4,4,5,0,5,3,0,5,5,5,5,4,4,5,3
815,0,0,3,2,0,0,0,0,0,3,0,0,0,4,3,0,0,3,0,0,2
471,3,2,4,3,5,4,0,3,3,4,3,3,0,5,0,0,0,0,0,4,3
629,0,0,0,3,0,0,0,4,0,4,5,4,3,0,0,0,3,4,3,0,3
325,1,5,2,2,0,0,0,0,0,0,0,0,0,0,1,0,0,0,2,3,2
531,0,2,5,4,0,4,0,4,0,0,4,3,5,5,4,0,4,5,4,4,4
86,4,4,0,0,0,5,3,0,4,4,4,2,5,1,0,4,5,4,4,3,4
357,4,4,4,4,0,5,5,4,5,5,0,4,5,5,5,4,5,0,4,5,4
772,3,5,0,0,0,0,0,0,0,0,0,0,3,0,0,3,0,0,0,4,3
1112,0,0,0,0,0,0,3,0,0,3,0,0,3,0,0,0,0,0,0,0,2
31,0,1,0,2,0,4,0,3,4,0,4,4,3,5,3,2,0,0,0,4,3
1166,2,3,3,0,0,0,0,0,0,0,0,0,0,0,0,0,0,0,4,0,3
4,2,4,4,4,5,0,4,5,5,3,3,4,4,4,4,4,0,3,0,4,2
578,0,2,0,2,0,0,0,2,0,0,0,0,3,4,2,0,0,0,0,4,2
81,3,1,4,4,0,0,4,5,0,4,0,3,3,5,4,4,0,4,0,4,3
179,4,5,5,4,0,5,5,4,5,5,2,3,3,2,5,2,0,4,4,5,4
1108,0,0,0,0,0,0,3,0,0,0,0,0,0,0,0,0,0,4,0,0,3
1046,0,0,0,1,0,0,0,4,0,0,3,0,0,0,3,0,0,0,0,3,3
1629,0,0,0,0,0,0,0,0,0,0,0,0,0,0,0,0,0,0,0,0,3
11,3,4,5,3,0,4,5,5,5,5,3,2,4,4,4,4,3,4,0,5,2
237,3,4,4,3,0,4,3,3,4,5,4,3,3,3,5,4,4,4,3,5,3
543,5,0,0,0,0,3,0,0,0,0,4,0,0,0,0,0,0,0,0,0,3
636,0,2,0,4,0,0,0,0,0,0,3,3,3,0,3,0,0,0,0,4,3
186,4,3,0,2,0,0,5,4,4,3,3,3,4,0,4,2,0,3,3,5,3
1407,0,0,0,0,0,0,0,0,0,0,3,0,0,2,1,0,0,0,0,1,2
333,2,2,5,0,0,0,0,0,0,0,0,0,0,4,4,2,0,4,1,4,2
1278,0,0,0,0,0,0,0,0,0,0,0,0,0,0,0,0,0,0,0,0,2
257,0,0,4,2,0,0,0,4,3,0,4,0,4,3,4,2,0,4,0,4,3
1448,0,0,0,0,0,0,0,0,0,0,0,3,0,0,0,0,0,0,0,0,3
143,1,0,0,4,5,5,1,4,4,5,4,3,3,5,4,4,3,2,4,5,4
172,3,5,5,5,4,0,5,4,5,4,4,3,5,5,5,4,4,3,4,5,4
1649,0,0,0,0,0,0,0,0,0,0,0,0,0,0,0,0,0,0,0,0,3
133,4,0,0,3,4,5,3,3,0,5,5,3,3,2,0,4,0,0,4,0,4
1192,0,3,0,0,0,5,0,0,0,5,0,0,0,0,0,0,0,0,0,0,4
1147,3,0,0,4,0,0,0,4,0,4,4,0,0,4,0,0,0,0,0,0,3
345,4,0,4,0,0,0,0,0,0,2,0,0,0,5,0,0,0,2,4,0,3
1024,0,0,0,0,0,0,0,0,0,0,0,0,0,0,0,0,0,0,0,0,3
1642,0,0,0,0,0,0,0,0,0,0,0,0,0,0,0,0,0,0,0,0,4
428,4,0,0,0,0,0,5,5,0,4,3,4,4,0,0,4,4,4,5,4,3
1097,0,0,4,0,0,4,0,0,0,0,0,0,0,0,3,4,0,0,0,0,3
289,1,2,4,0,0,3,0,0,3,0,5,4,0,3,2,0,0,3,3,2,3
959,3,0,0,0,0,0,4,3,0,0,3,2,0,5,0,5,0,0,0,4,3
1029,0,0,0,0,0,0,0,0,0,0,0,0,0,0,0,0,0,0,0,0,1
628,2,0,3,3,0,0,0,3,4,4,0,2,3,4,0,2,0,4,0,4,3
252,0,0,3,2,0,0,0,0,4,3,4,0,0,4,3,0,2,0,0,3,2
1086,0,0,0,0,0,4,0,0,0,0,0,0,0,0,1,0,4,0,0,0,3
1233,0,0,0,0,0,0,0,0,0,0,0,0,0,0,0,0,0,0,0,0,3
1170,0,4,0,0,0,0,0,0,0,0,0,1,0,0,0,4,0,4,3,4,3
1169,0,4,0,0,0,0,0,5,0,0,0,4,0,0,0,0,0,0,4,0,3
724,3,0,0,3,0,0,5,0,0,5,3,4,0,4,0,0,4,0,0,0,3
77,0,2,0,2,0,0,4,3,5,4,4,3,3,4,4,0,3,3,0,3,3
228,3,3,0,3,4,0,4,0,0,4,0,3,2,0,4,4,0,5,3,4,3
7,4,3,5,3,0,0,4,4,5,4,4,2,2,4,4,3,3,5,0,5,3
640,3,4,0,0,0,0,5,4,0,0,0,0,3,0,0,0,4,4,0,4,2
869,0,0,0,0,0,0,0,0,0,4,0,0,0,3,2,0,0,0,0,0,2
47,4,4,5,3,0,0,5,4,4,3,4,2,4,0,5,4,4,4,0,4,3
293,0,0,5,4,0,0,0,4,4,0,0,0,4,5,4,3,0,3,0,4,4
654,3,3,5,5,0,5,4,5,5,4,0,5,4,0,5,0,4,0,4,0,3
304,0,2,0,0,0,0,0,0,0,4,4,3,0,5,0,0,0,3,0,0,2
507,4,0,0,4,0,5,4,3,4,5,0,4,5,0,5,4,0,0,4,0,4
1214,0,0,0,0,0,0,0,0,0,0,0,0,0,0,0,0,0,0,0,0,2
655,3,4,5,3,0,0,5,4,5,4,4,3,3,5,5,4,3,4,3,4,3
218,0,4,0,2,0,5,5,5,4,4,3,2,3,3,4,3,3,3,0,4,3
511,5,3,0,0,0,5,5,5,5,5,0,5,5,0,0,0,4,0,4,0,3
344,0,0,4,0,0,0,0,0,0,0,0,0,0,0,0,4,0,0,0,0,4
1005,3,0,0,0,0,2,5,0,0,0,0,0,0,0,0,0,0,0,0,0,4
632,0,0,0,3,0,5,0,3,0,5,5,2,0,0,0,0,5,0,3,0,3
1344,0,0,0,0,0,0,0,0,0,0,0,0,0,0,0,0,0,0,0,0,3
855,3,4,0,0,0,5,4,0,0,0,0,3,0,0,0,0,4,3,3,0,3
417,2,0,0,0,0,0,0,3,0,4,3,3,0,3,0,0,0,0,3,4,2
1406,0,0,0,0,0,0,0,0,0,0,0,0,0,0,0,0,0,0,0,0,3
468,2,4,0,2,0,0,3,0,4,4,5,0,3,5,0,0,0,0,0,0,3
1238,0,0,0,0,0,0,0,0,0,0,0,0,0,0,0,0,0,0,0,0,2
761,0,0,0,2,0,0,0,0,0,4,0,0,2,4,0,0,0,2,0,0,2
82,2,4,0,4,4,0,5,4,0,3,4,3,4,5,4,2,3,4,3,4,2
1100,0,4,0,0,0,0,0,0,0,0,0,2,0,0,0,4,0,0,0,0,3
150,3,4,5,3,0,3,0,0,5,0,0,0,5,5,5,4,0,4,3,4,3
433,4,0,5,3,0,3,5,5,0,3,4,2,3,4,4,4,0,5,3,4,2
919,4,3,5,0,0,0,4,0,0,0,0,0,0,0,4,5,0,0,0,4,2
387,4,2,0,0,0,5,3,0,0,5,4,0,4,3,5,0,4,4,0,3,3
1267,3,3,0,3,0,0,0,0,0,0,3,0,0,0,3,0,0,0,0,4,2
936,0,0,4,0,0,0,0,0,0,5,0,0,4,5,0,0,0,3,0,0,3
672,0,2,0,0,0,0,5,0,0,0,0,0,2,0,0,2,0,0,0,3,2
454,0,2,0,0,0,2,0,0,0,0,0,0,0,0,0,0,0,0,0,0,3
23,4,4,5,4,0,5,5,5,4,5,0,4,4,0,5,4,0,4,4,5,3
1632,0,0,0,0,0,0,0,0,0,0,0,0,0,0,0,0,0,0,0,0,3
927,0,0,0,0,0,0,0,0,0,0,0,4,0,0,0,0,0,0,0,0,3
796,0,0,0,0,0,0,0,0,0,0,2,0,3,0,0,0,0,0,0,1,2
480,4,4,4,5,4,5,5,4,5,4,0,4,4,5,4,0,4,0,4,0,4
782,3,0,2,0,0,0,0,0,0,0,0,3,0,0,0,0,0,0,2,0,3
639,2,0,0,0,0,5,0,0,0,0,0,0,0,0,0,0,3,0,3,0,3
1070,3,5,5,0,0,0,0,0,0,0,0,0,0,0,0,4,0,0,4,0,4
476,0,0,0,0,0,0,2,0,0,4,3,0,0,5,3,2,2,3,3,0,2
1198,0,0,0,0,0,5,0,0,0,0,0,3,0,0,0,0,0,3,0,0,3
1068,3,0,0,0,0,0,0,0,0,0,0,0,0,0,0,0,0,0,0,0,3
262,5,0,5,0,0,0,0,0,0,0,0,0,0,0,5,0,5,0,0,4,5
137,4,4,5,3,0,5,5,0,5,0,0,3,5,3,4,0,5,2,0,0,4
1628,0,0,0,0,0,0,0,0,0,0,0,0,0,0,0,0,0,0,0,0,2
1131,0,5,0,0,0,0,0,0,0,0,0,0,0,0,0,4,0,0,4,3,5
1195,0,0,0,0,0,5,0,0,0,0,0,0,0,0,0,0,3,0,0,0,3
651,3,4,0,3,0,5,5,0,5,5,4,4,4,4,5,4,3,0,0,0,4
61,4,2,4,0,0,0,4,3,3,4,0,0,0,0,0,0,0,3,0,0,3
167,0,0,0,3,0,0,0,0,0,5,4,0,3,0,3,0,0,0,0,0,4
8,0,3,5,3,0,5,0,5,5,0,4,5,3,5,5,4,0,4,4,4,3
79,3,4,4,3,0,4,5,4,5,4,4,3,4,5,5,3,3,4,3,4,5
975,3,0,4,0,0,0,4,0,0,0,0,0,0,2,0,0,0,0,0,3,3
572,0,0,0,2,0,0,0,0,0,0,3,0,0,0,0,0,0,0,0,3,2
313,4,5,5,4,0,5,5,3,4,5,5,4,0,5,0,4,4,4,4,5,4
914,0,0,0,0,0,0,0,0,0,0,0,0,0,0,0,0,0,0,0,0,3
727,2,0,0,0,0,0,2,0,0,4,4,3,0,5,0,0,0,0,0,3,2
116,3,1,4,0,0,0,4,4,5,0,0,2,0,0,5,0,4,4,0,0,2
1176,0,0,0,0,0,0,0,0,0,0,0,0,0,0,0,0,0,0,0,0,4
403,0,3,0,3,0,0,5,4,0,4,4,1,4,5,5,3,3,4,0,4,2
89,4,3,4,5,0,5,5,5,5,5,4,3,4,0,0,4,4,4,4,5,4
690,2,0,0,0,0,4,0,0,0,0,0,0,0,5,0,0,0,0,2,0,2
316,0,0,0,3,0,5,0,0,5,4,0,4,0,3,0,0,0,4,3,4,4
280,0,0,0,2,0,0,0,0,0,4,2,3,2,0,0,0,0,0,0,0,2
1084,3,0,0,0,0,0,0,0,0,0,0,0,0,0,0,0,0,0,0,0,3
239,2,1,0,3,0,0,0,3,0,5,3,0,0,5,3,3,0,3,0,4,2
722,0,0,0,0,0,0,0,0,0,5,3,0,0,0,2,0,0,0,0,0,1
726,0,0,0,0,0,0,0,0,0,0,0,0,2,0,0,0,0,0,0,0,2
1284,0,0,0,0,0,0,0,0,0,3,2,0,0,0,0,0,0,0,0,0,2
284,3,3,0,2,0,0,2,4,4,4,3,3,3,4,4,0,0,0,3,4,2
1638,0,0,0,0,0,0,0,0,0,0,0,0,0,0,0,0,0,0,0,0,3
733,3,3,0,0,0,0,0,0,0,0,0,0,0,0,0,0,0,0,0,0,3
867,0,0,0,0,0,0,0,0,0,0,0,4,0,0,3,0,0,0,0,0,4
196,3,4,5,4,5,4,5,3,5,5,4,3,4,5,0,4,4,4,4,4,3
773,0,4,0,0,0,0,0,0,0,0,0,0,0,0,4,0,0,0,0,3,3
521,2,2,5,3,0,4,5,3,5,4,0,3,0,0,0,0,4,4,3,0,3
474,5,0,0,5,0,5,5,0,5,5,0,4,0,0,5,3,0,3,5,5,3
1153,0,2,0,0,0,0,0,0,0,5,0,0,0,0,3,0,0,0,4,0,3
1223,0,0,0,0,0,0,0,0,0,0,0,0,0,0,0,0,0,0,0,0,3
741,2,0,0,0,0,0,4,4,0,3,0,0,0,0,4,0,0,0,0,0,3
694,4,0,0,0,0,0,0,0,0,0,3,3,0,0,0,0,5,0,0,0,3
813,0,0,4,0,0,4,0,0,0,0,0,0,0,0,4,0,4,0,4,0,3
954,0,0,0,0,0,4,0,0,0,0,0,0,0,0,0,0,0,0,0,0,2
43,0,0,0,0,0,0,0,0,0,4,3,0,0,1,3,0,0,0,0,1,3
1221,0,0,0,0,0,0,0,0,4,5,3,4,0,5,0,0,0,0,0,3,3
1255,0,0,0,0,0,0,0,0,0,0,0,0,0,0,0,0,0,0,0,0,3
753,2,0,0,0,5,4,0,0,0,0,0,0,0,0,0,4,0,4,0,0,3
87,3,3,4,4,0,0,4,4,4,5,4,3,3,5,3,3,0,0,4,0,3
910,0,0,0,0,0,0,0,0,0,0,0,0,0,0,0,0,0,0,0,0,3
1637,0,0,0,0,0,0,0,0,0,0,0,0,0,0,0,0,0,0,0,0,3
1630,0,0,0,0,0,0,0,0,0,0,0,0,0,0,0,0,0,0,0,0,3
1161,0,0,0,2,0,0,0,0,0,0,0,0,0,0,0,0,0,0,0,0,3
1136,0,1,0,0,0,3,0,0,0,0,0,0,4,4,0,0,4,0,3,0,2
402,1,2,0,2,5,5,4,4,0,4,4,0,0,5,4,0,3,0,0,3,2
270,3,0,0,0,0,4,0,0,0,4,0,0,0,0,4,0,0,0,3,4,4
32,3,3,5,0,0,0,4,5,0,0,0,3,4,2,0,4,0,0,0,0,4
709,4,0,0,0,0,5,5,3,5,3,4,4,4,0,5,4,0,4,5,4,3
923,3,3,0,0,0,5,0,0,4,5,0,4,0,0,0,0,0,0,4,0,3
427,4,0,5,4,0,5,5,4,5,5,0,4,5,5,4,0,0,4,3,5,4
520,0,0,0,0,0,0,0,4,5,5,0,4,3,5,0,0,0,0,3,0,3
208,4,0,0,3,0,3,5,4,3,5,0,4,4,0,5,0,4,5,5,0,3
1007,0,0,0,0,0,0,0,0,0,0,0,0,0,5,5,4,0,0,0,0,3
512,3,0,5,0,0,4,0,5,0,0,0,0,0,0,0,0,4,4,3,0,3
723,2,0,0,0,0,0,0,0,0,3,3,0,0,4,0,0,0,0,0,0,3
1009,2,0,3,0,0,0,4,0,4,0,3,0,0,0,0,0,0,0,2,0,2
1529,0,0,0,0,0,0,0,0,0,0,0,0,0,0,0,0,0,0,0,0,2
207,4,3,0,0,0,0,0,0,4,4,4,2,4,0,0,0,4,4,0,4,3
356,0,0,0,3,0,4,0,3,5,4,4,0,3,5,0,0,0,0,0,3,3
315,4,3,5,3,0,0,0,0,5,4,0,0,0,3,0,0,0,4,0,4,4
1022,0,0,5,0,0,0,0,0,0,0,0,0,0,0,0,0,0,0,0,0,3
1232,0,0,0,0,0,0,0,0,0,0,3,0,0,0,3,0,3,0,0,3,3
1421,0,3,0,2,0,0,0,4,4,4,0,0,0,0,0,0,0,0,0,0,3
1475,2,0,0,0,0,0,0,0,0,0,0,0,0,0,0,0,0,0,0,0,3
459,3,0,0,0,0,0,0,0,0,0,0,0,0,0,0,0,0,0,0,0,2
382,3,0,4,0,0,5,4,4,3,3,4,0,3,0,3,3,5,0,4,4,3
612,0,0,0,0,0,0,3,0,0,4,0,3,0,0,0,0,0,0,0,0,3
860,0,0,0,0,0,0,0,0,0,0,0,0,0,0,0,0,0,0,0,0,3
1650,0,0,0,0,0,0,0,0,0,0,0,0,0,0,0,0,0,0,0,0,4
766,0,0,0,0,0,0,0,0,0,0,0,0,0,0,0,0,3,0,0,0,3
529,3,0,0,0,0,5,4,0,5,0,0,0,4,0,0,3,4,5,3,0,4
1067,0,0,5,0,0,0,0,0,0,0,0,0,0,0,0,4,0,0,0,0,2
805,0,0,0,0,0,0,0,4,0,0,0,0,3,0,4,4,3,0,0,0,2
1262,0,0,0,0,0,0,0,0,0,0,0,0,0,5,0,0,0,0,0,0,3
1602,0,0,0,0,0,0,0,0,0,0,0,0,0,0,0,0,0,0,0,0,3
318,4,5,5,0,5,5,5,4,5,5,5,4,5,5,5,5,5,4,4,5,4
65,3,4,0,3,0,4,4,3,0,3,3,0,3,5,4,2,4,0,3,4,2
1213,0,0,0,0,0,0,0,0,0,0,0,0,0,0,0,0,0,0,0,1,2
391,0,0,0,0,0,0,0,0,0,0,0,0,0,0,1,0,0,0,0,2,2
847,0,2,5,0,0,5,0,0,0,4,0,4,3,0,4,0,0,0,0,0,2
191,4,4,5,0,5,5,4,4,5,5,5,4,5,5,5,4,4,4,4,0,4
792,3,4,0,0,0,0,4,3,4,4,4,4,0,4,5,4,4,4,4,0,3
1045,3,2,0,0,0,2,0,4,4,0,0,0,0,0,0,0,0,0,0,0,3
1466,0,0,0,0,0,0,0,0,0,0,0,0,0,0,0,0,0,0,0,0,3
269,3,3,4,0,0,5,0,0,0,5,4,0,0,4,5,3,0,3,3,4,3
882,4,0,0,0,0,0,0,0,0,0,0,0,0,0,0,0,0,3,0,0,3
619,0,0,1,1,0,0,0,0,0,3,3,2,0,4,3,0,0,0,0,0,3
995,0,0,0,0,0,4,0,0,0,0,0,0,0,0,0,0,3,0,0,0,3
514,4,3,5,4,0,3,5,4,4,5,0,0,3,0,5,4,5,4,5,0,5
423,2,4,5,3,0,5,5,5,5,5,4,4,4,4,4,3,4,5,4,5,3
249,0,0,4,3,0,0,0,0,0,0,0,0,4,3,4,2,0,0,0,4,3
165,0,0,0,3,0,0,0,3,0,0,0,5,5,0,0,0,4,0,0,0,3
385,2,2,0,0,0,4,4,4,4,4,4,2,3,5,4,0,0,0,3,4,3
945,0,0,0,0,0,5,0,4,4,0,0,3,0,0,0,0,4,4,0,0,2
698,3,0,0,0,0,0,0,0,0,0,0,0,0,0,0,0,0,0,0,0,4
535,0,0,0,0,0,0,0,0,0,3,0,0,2,4,1,0,0,0,0,0,2
160,0,5,0,4,0,0,0,4,0,0,2,2,0,0,4,4,3,4,3,4,3
449,0,0,0,0,0,0,0,3,0,0,3,0,0,0,4,0,0,3,4,2,3
1008,2,3,4,0,0,0,0,0,0,0,0,0,0,0,0,0,4,4,0,0,3
20,3,2,4,0,0,4,0,0,0,0,0,4,0,0,0,0,4,4,0,0,3
880,0,0,0,0,0,0,0,0,0,0,0,0,0,0,0,0,0,0,0,0,2
265,3,3,4,3,0,0,4,3,5,5,4,3,4,5,0,2,0,3,0,4,3
513,4,3,0,5,0,0,4,3,5,0,0,5,0,0,0,0,0,0,4,0,3
159,0,0,0,3,4,0,0,0,0,0,3,0,3,1,3,0,0,0,0,3,3
731,0,0,0,0,0,0,0,0,0,3,3,2,0,0,0,0,0,0,0,0,3
166,0,0,0,3,0,4,0,3,0,5,0,5,5,0,0,0,3,0,0,0,3
1107,0,0,0,0,0,0,4,0,0,4,3,0,0,0,0,0,0,0,0,0,4
607,4,4,0,0,0,5,0,3,4,5,0,4,3,5,0,0,0,3,0,0,4
904,0,0,0,0,0,3,0,0,0,5,0,0,0,0,0,0,0,0,0,0,5
735,3,3,5,0,5,0,5,0,4,4,4,3,4,5,4,2,3,0,3,4,3
581,3,3,0,0,0,0,5,4,0,0,0,0,2,0,0,0,0,0,0,4,2
53,2,3,0,3,0,0,5,0,0,0,3,0,1,2,3,0,0,0,3,4,2
955,4,3,0,2,0,0,0,0,0,0,0,0,0,4,0,0,0,1,4,0,3
222,2,3,1,3,0,0,0,0,4,3,3,3,4,0,3,2,0,4,2,4,2
144,0,4,5,4,0,0,0,3,0,5,4,3,4,5,5,4,0,0,0,5,3
324,0,5,4,0,0,0,0,0,0,0,0,0,0,0,3,3,0,4,0,4,3
59,3,4,4,0,0,5,5,4,3,4,4,0,0,0,0,0,0,5,0,0,4
340,4,5,5,0,0,4,0,0,0,4,0,0,5,0,5,4,5,3,3,5,3
213,4,4,0,3,0,5,0,4,4,4,5,3,0,5,0,0,5,4,4,0,4
547,1,0,4,0,0,3,3,0,0,0,0,0,0,0,0,0,0,0,0,4,4
226,2,3,0,1,0,0,4,3,0,4,3,2,3,4,4,3,0,0,0,4,3
274,2,0,0,0,0,0,1,3,3,4,3,3,3,4,0,2,4,0,0,3,3
152,0,0,0,4,0,0,0,5,0,5,0,4,0,0,4,3,0,0,5,0,3
448,3,3,0,0,0,0,4,3,5,4,0,3,3,3,0,0,0,0,0,4,4
631,0,2,3,0,0,5,0,0,0,4,4,3,4,3,4,3,4,4,4,3,4
800,0,2,0,0,0,0,0,0,0,0,0,0,0,0,3,0,0,0,0,3,2
872,0,0,0,0,0,0,0,0,0,0,0,2,0,0,3,0,0,0,0,0,3
1403,0,0,0,0,0,0,0,0,0,0,0,0,0,0,0,0,0,0,0,0,3
178,4,0,5,0,0,5,0,4,4,4,0,5,4,5,0,4,0,0,0,0,4
702,3,1,4,0,0,0,5,0,0,4,4,2,5,0,0,2,0,0,2,0,2
170,3,0,5,0,4,5,4,3,4,5,0,5,5,0,5,0,5,3,4,0,3
1516,0,0,0,0,0,0,0,0,0,0,0,0,0,5,0,0,0,0,0,0,3
844,4,2,4,0,0,0,0,0,0,0,0,2,0,0,3,0,0,0,0,4,4
175,4,2,0,2,0,3,4,5,4,0,4,2,0,0,0,2,3,4,4,5,3
1600,0,0,0,0,0,0,0,0,0,0,0,0,0,0,0,0,0,0,0,0,3
246,0,0,5,0,0,0,0,0,0,0,0,0,0,4,5,4,0,4,4,4,3
24,1,0,4,0,0,0,4,4,0,0,0,0,3,5,3,2,0,0,0,4,3
155,0,0,0,2,0,5,0,0,0,4,4,0,2,5,3,0,3,2,0,0,4
1506,0,0,0,0,0,0,0,0,0,0,0,0,0,0,0,0,0,0,0,0,3
1155,0,0,0,0,0,0,0,0,0,0,0,0,0,0,0,0,0,0,0,0,3
508,4,4,5,0,0,0,5,0,3,0,4,0,4,0,4,2,4,3,2,5,3
1142,0,0,5,0,0,0,0,0,0,0,0,0,0,0,4,0,0,0,0,0,2
224,3,0,5,0,0,0,0,0,0,0,0,4,0,0,0,0,0,2,0,0,3
312,3,0,2,0,0,4,0,0,0,4,0,0,0,3,0,0,0,2,0,0,2
676,4,2,0,0,0,2,0,0,3,0,0,0,0,5,0,3,4,0,0,0,2
638,3,0,0,4,0,0,0,0,0,0,0,4,0,0,0,0,0,0,0,0,4
327,2,0,4,0,0,0,0,0,0,0,0,0,0,4,1,3,0,0,3,0,3
321,3,3,0,0,0,0,4,3,0,0,3,2,3,0,3,3,5,0,0,0,3
371,3,0,0,2,0,0,4,3,0,3,0,3,2,0,0,0,5,2,0,0,3
712,0,0,0,2,0,0,0,4,0,3,0,2,0,4,0,0,0,3,3,0,3
1265,0,0,1,0,0,0,0,0,0,0,0,0,0,0,0,0,0,0,0,0,3
1103,4,3,0,0,0,0,0,0,0,0,0,0,0,0,0,4,0,0,3,0,3
307,3,0,4,0,0,5,0,0,0,5,0,2,3,1,0,0,0,3,0,4,3
176,2,4,5,4,0,0,5,4,5,4,4,3,3,4,5,4,4,3,0,5,2
1538,0,0,0,0,0,0,0,0,0,0,0,0,0,0,0,0,0,0,0,0,3
1149,0,0,0,0,0,0,0,0,0,0,0,3,0,0,0,0,0,0,3,0,3
135,5,0,5,5,0,5,5,5,5,3,2,4,0,0,0,0,0,4,5,5,4
1418,0,0,0,0,0,0,0,0,0,0,0,0,3,0,0,0,0,0,0,0,4
210,3,2,0,3,0,0,4,4,5,3,4,3,4,5,4,3,4,3,3,4,3
916,0,0,0,0,0,0,0,0,0,0,0,0,0,3,0,0,0,0,0,4,2
594,0,0,0,0,0,0,0,0,0,0,0,0,0,0,0,0,0,0,0,0,3
2,0,2,0,3,0,0,0,0,0,4,2,2,3,4,3,2,0,0,0,4,3
1273,0,0,0,0,0,0,0,0,0,0,0,0,0,0,2,0,0,0,0,2,2
1623,0,0,4,0,0,0,0,0,0,0,0,0,0,0,0,0,0,0,0,0,4
503,0,0,0,4,0,0,4,0,4,4,0,2,0,0,0,0,0,0,0,0,3
736,3,0,0,0,0,0,5,3,3,5,4,0,0,0,0,0,3,3,0,0,3
275,4,4,0,3,0,5,0,4,3,4,5,0,4,5,0,4,5,4,3,0,4
953,3,0,0,0,0,0,5,0,0,0,0,0,0,0,3,0,0,0,0,0,3
1042,0,0,0,3,0,0,0,0,0,0,3,0,0,0,0,0,0,0,0,1,2
1173,0,0,0,0,0,0,0,0,0,0,0,0,0,0,0,0,0,0,4,0,2
1646,0,0,0,0,0,0,0,0,0,0,0,0,0,0,0,0,0,0,0,0,3
197,4,4,5,0,0,5,5,3,5,5,3,5,4,5,0,4,4,4,5,5,3
1113,3,0,0,0,0,0,4,0,3,0,0,0,3,0,0,0,0,0,2,0,3
889,0,0,0,0,0,3,0,0,0,0,0,0,0,0,0,0,0,0,0,0,3
775,0,0,0,0,0,0,0,0,0,4,3,0,0,4,0,0,0,0,0,0,2
525,3,0,0,0,0,0,3,5,4,3,0,4,0,0,5,0,0,5,0,0,2
935,0,0,0,0,0,0,0,0,0,0,0,0,0,0,0,0,0,0,0,0,3
1129,1,0,5,0,0,0,0,0,0,0,0,0,0,0,0,2,0,0,0,4,3
182,4,4,5,5,0,3,5,5,5,5,4,3,4,4,5,4,4,3,4,5,4
38,0,0,0,1,0,0,0,0,0,4,3,0,0,3,1,0,0,2,0,3,2
584,2,0,0,0,0,0,4,4,5,5,0,3,4,0,0,0,3,0,0,0,3
863,0,0,0,0,0,4,0,3,0,0,0,5,0,0,0,0,0,0,0,0,3
134,5,4,5,5,0,5,5,5,4,3,0,5,5,4,5,0,5,5,5,0,4
1069,2,2,0,0,0,0,0,0,0,0,0,0,0,0,0,4,0,0,0,0,1
1248,0,0,0,2,0,0,0,0,0,4,0,0,0,0,0,0,0,0,0,0,3
52,3,0,0,0,0,5,4,0,4,0,5,4,4,0,0,0,4,4,3,0,3
393,0,0,0,3,0,0,2,4,0,4,3,2,3,4,4,3,4,0,4,4,2
372,0,0,0,0,0,0,0,0,0,4,0,0,0,0,0,0,3,0,4,0,3
461,3,4,4,2,0,0,0,4,5,0,0,0,0,0,4,3,0,3,0,4,2
46,3,4,0,0,0,0,0,0,0,0,0,0,0,0,3,0,0,0,0,3,4
1445,3,0,0,0,0,0,0,0,0,0,0,4,0,0,0,0,0,0,0,0,3
1607,0,0,0,0,0,0,0,0,0,0,0,0,0,0,0,0,0,0,0,0,3
467,3,2,5,4,0,0,0,4,4,4,0,0,4,0,0,0,0,0,0,0,3
204,3,4,5,3,5,0,5,4,4,4,4,2,4,5,4,4,0,4,4,5,3
458,3,4,3,0,0,0,4,0,0,0,4,0,0,0,3,0,3,0,3,4,3
764,0,0,0,0,0,0,4,0,0,0,0,0,0,0,0,0,0,0,0,0,1
5,0,0,0,3,0,0,0,4,0,0,3,3,0,0,2,0,0,0,0,3,2
1641,0,0,0,0,0,0,0,0,0,0,0,0,0,0,0,0,0,0,0,0,3
960,3,2,0,0,0,0,0,0,0,0,0,0,0,0,4,5,0,0,0,0,3
1118,0,0,0,0,0,0,2,4,0,0,0,0,4,0,3,0,0,0,0,4,3
699,4,3,0,0,0,4,4,4,4,4,4,3,0,5,0,0,5,0,0,0,2
1296,0,0,0,0,0,0,0,0,0,0,0,0,2,0,0,0,0,0,0,0,3
410,0,0,5,2,0,0,3,4,2,0,3,0,4,0,4,2,3,0,0,4,2
534,0,0,5,0,0,0,0,0,0,0,0,0,0,0,0,0,0,0,0,0,2
192,4,4,5,5,0,4,0,5,4,4,0,3,3,0,0,5,4,0,4,5,3
214,0,0,0,0,0,0,0,2,0,1,0,0,3,0,0,0,0,3,0,5,3
537,0,3,0,0,0,0,0,4,0,0,0,0,4,0,0,4,0,4,0,0,3
498,3,0,0,0,0,5,5,5,4,3,0,5,5,4,0,4,5,4,4,0,3
346,3,4,4,3,0,0,0,0,5,0,0,0,0,4,0,0,0,5,0,4,4
610,4,0,0,0,0,5,4,4,3,4,0,4,0,0,0,0,0,0,3,0,4
475,4,4,5,0,0,3,0,4,4,0,0,0,4,2,4,4,0,4,0,5,3
1101,3,0,0,3,0,4,5,0,0,0,3,3,5,0,0,4,4,0,4,0,2
956,4,4,0,3,0,0,0,0,4,4,3,3,0,0,4,0,3,0,0,0,3
190,4,4,0,0,0,5,5,0,3,4,0,3,5,0,0,4,0,4,4,0,3
113,0,0,0,0,0,0,0,0,0,0,0,0,0,0,0,0,0,0,0,0,3
1636,0,0,0,0,0,0,0,0,0,0,0,0,0,0,0,0,0,0,0,0,4
516,3,0,0,0,0,5,4,4,0,5,0,3,0,0,0,0,0,0,4,0,2
251,0,0,5,4,0,0,0,0,0,0,0,0,0,5,4,0,0,0,0,0,3
294,1,0,3,2,0,0,0,3,3,4,2,3,0,4,4,3,0,0,0,4,3
1268,0,4,0,0,0,0,0,0,0,0,0,0,0,0,0,0,0,0,0,0,3
1388,0,0,0,0,0,0,0,0,0,0,0,0,0,0,0,0,0,0,0,0,3
1121,0,0,0,0,0,0,0,3,0,0,0,5,0,0,0,0,4,0,3,0,3
1631,0,0,0,0,0,0,0,0,0,0,0,0,0,0,0,0,0,0,0,0,4
1128,0,4,0,0,0,0,0,0,0,0,0,0,0,0,0,0,0,0,0,0,3
770,3,3,0,3,0,0,4,4,0,0,0,4,0,4,0,0,0,0,0,4,2
762,3,0,5,0,0,3,4,0,0,3,3,0,4,3,4,0,0,3,0,0,2
1462,0,0,0,0,0,0,0,0,0,0,0,3,0,0,0,0,0,0,0,0,3
1,2,3,4,2,0,0,2,4,0,4,4,3,3,5,5,4,4,0,0,5,2
128,0,2,0,0,0,0,0,0,0,0,0,0,3,0,4,0,0,0,0,4,3
88,2,0,0,3,5,0,0,4,4,5,4,3,3,3,4,2,3,0,0,3,2
255,0,0,4,3,0,0,0,4,4,0,4,0,0,5,4,3,3,3,0,0,3
930,0,0,0,0,0,0,0,0,0,0,2,0,0,3,0,0,0,0,0,2,2
751,0,3,3,3,0,0,0,0,0,5,0,2,0,0,0,0,0,0,3,4,3
276,4,5,5,0,4,4,5,4,5,0,4,3,5,3,4,0,4,4,0,4,4
1257,0,0,0,0,0,0,0,0,0,0,0,0,0,0,0,0,0,0,0,0,3
518,4,4,5,5,0,2,0,0,4,4,0,0,0,0,4,0,0,4,0,4,2
1143,0,0,5,0,0,0,0,0,0,0,0,0,0,0,0,0,0,0,0,0,3
961,0,0,0,0,0,0,0,0,0,0,3,0,3,0,0,0,0,4,0,0,3
913,0,0,0,0,0,0,0,0,0,0,0,0,0,0,0,0,0,0,0,0,4
242,3,4,5,0,5,4,0,0,0,0,0,4,0,4,0,0,0,0,0,0,4
286,3,2,5,3,0,5,3,0,5,4,5,3,0,5,5,2,4,4,4,0,3
695,0,1,0,0,0,0,0,0,0,0,0,0,0,0,0,0,0,0,0,0,3
1643,0,0,0,0,0,0,0,0,0,0,0,0,0,0,0,0,0,0,0,0,5
1549,0,0,0,0,0,0,0,0,0,0,0,0,0,0,0,0,0,0,0,0,2
730,3,0,4,0,0,5,0,0,0,0,0,0,0,0,0,0,0,0,0,0,2
553,2,0,0,3,0,2,0,0,2,2,0,0,0,4,0,0,3,1,0,0,2
49,0,0,0,3,0,0,0,3,0,5,3,0,0,4,2,0,0,0,0,0,1
295,0,0,4,0,0,0,0,3,0,0,3,0,0,5,0,0,0,0,0,0,3
55,0,4,4,4,0,0,5,3,4,0,4,0,4,2,4,4,0,0,0,4,2
785,0,0,0,0,0,0,0,0,0,3,0,3,0,3,3,0,0,0,0,0,2
188,4,4,5,3,0,0,4,0,5,3,0,2,4,0,0,5,0,0,2,4,3
306,3,0,5,0,0,4,0,0,0,0,0,0,0,0,0,0,0,4,0,0,3
806,3,3,4,0,0,0,0,4,0,0,4,2,2,0,0,4,0,0,0,4,3
1648,0,0,0,0,0,0,0,0,0,0,0,0,0,0,0,0,0,0,0,0,2
466,4,4,5,3,0,0,4,5,0,0,0,4,2,0,0,3,0,0,0,0,3
26,3,4,0,3,0,4,0,0,4,5,0,0,3,0,4,3,0,0,0,0,3
642,4,4,0,3,0,0,5,5,4,4,0,3,4,0,0,0,4,5,4,0,3
45,3,2,0,5,0,3,5,4,5,0,0,4,3,0,0,0,0,0,3,0,3
502,0,0,0,3,0,0,0,5,0,5,0,4,3,0,4,3,0,3,4,0,4
291,2,0,3,2,0,0,0,3,4,0,0,3,4,4,3,0,0,0,3,3,3
1635,0,0,0,0,0,0,0,0,0,0,0,0,0,0,0,0,0,0,0,0,3
240,0,3,0,2,0,0,2,0,0,0,0,0,0,1,3,0,0,0,0,4,3
739,1,0,0,2,0,5,4,4,0,4,4,3,3,5,5,0,3,0,0,2,4
425,3,3,5,4,0,4,4,4,0,0,0,0,3,4,4,3,0,4,4,4,3
375,0,3,0,0,0,0,0,0,0,0,0,0,0,1,2,0,0,0,0,1,2
1395,0,0,0,0,0,0,0,0,0,0,0,0,0,0,0,0,0,0,0,0,3
605,0,0,0,3,0,0,0,4,3,0,0,3,0,0,0,0,0,0,0,0,3
1160,0,0,0,0,0,0,0,0,0,5,0,0,0,4,2,0,5,0,0,0,3
684,3,3,0,3,5,3,3,3,4,0,3,0,4,5,0,4,0,4,0,4,3
328,2,0,1,2,4,3,0,0,0,4,3,2,0,5,3,2,0,3,3,4,2
603,4,4,5,5,0,5,5,5,5,5,0,4,4,5,5,4,0,5,0,5,4
36,0,1,0,1,0,0,0,0,0,0,0,0,0,2,0,0,3,0,0,0,2
