1,1,0,0,0,0,0,0,0,0,0,0,0,1,1,0,0,0,3.5894,0,3,0,4,0,0,0,4,0,4,4,3,4,5,4,3,3,3,0,4
0,0,0,0,0,0,1,0,0,0,0,0,1,0,0,0,0,0,2.5,0,0,0,0,0,0,0,0,0,0,0,0,0,0,0,0,0,0,0,0
0,0,0,1,0,0,0,0,0,0,0,0,1,0,0,0,0,0,3.4853,3,0,0,2,0,0,4,0,4,4,3,3,2,4,3,4,0,3,0,0
0,0,0,0,0,0,1,0,0,0,0,0,0,0,0,0,0,0,3.5926,4,1,0,3,0,5,0,0,0,0,0,4,3,0,0,4,0,0,5,0
0,0,0,0,0,0,1,0,0,0,0,1,0,0,0,0,0,0,3.8548,3,3,5,0,0,4,0,0,0,3,0,0,0,5,0,0,0,0,0,4
0,0,0,1,0,0,0,0,0,0,0,0,1,0,0,0,0,0,2.6429,0,0,0,0,0,0,0,0,0,0,0,0,2,0,0,0,0,0,0,3
0,0,0,1,0,0,1,0,0,0,0,0,1,0,0,0,0,0,3.7922,4,4,5,0,0,4,0,0,0,0,0,2,0,4,5,4,0,4,4,4
0,0,0,0,0,0,1,0,0,0,0,0,0,0,0,0,0,0,3.6585,0,3,0,0,0,0,0,0,5,0,4,3,0,0,0,0,0,0,0,0
1,0,0,0,0,0,0,0,0,0,0,0,0,1,0,0,0,0,4.0068,3,4,5,3,4,4,5,4,4,4,4,2,4,4,5,2,0,0,0,5
1,1,0,0,0,0,0,0,0,0,0,0,0,1,1,0,0,0,2.4615,0,0,0,3,0,0,0,0,0,0,0,0,0,0,4,0,0,0,0,3
0,0,0,1,0,0,0,0,0,0,0,0,0,0,0,0,0,0,3.5109,4,0,4,2,0,4,0,0,0,4,0,0,0,4,0,0,0,3,0,4
0,0,0,0,0,0,1,0,0,0,0,0,0,0,0,0,0,0,3.4565,3,4,0,0,0,4,4,0,4,0,0,2,0,0,0,0,4,0,2,0
0,0,0,1,0,0,0,0,0,0,0,0,0,0,0,0,0,0,3.6639,3,0,0,3,0,0,5,4,0,0,0,2,3,5,4,3,0,3,0,4
1,1,0,1,0,0,0,0,0,0,0,0,0,1,0,0,0,0,3.4772,0,0,4,3,0,0,0,0,0,0,0,0,2,4,4,2,4,3,3,4
0,0,0,1,0,0,1,0,0,0,0,0,0,0,0,0,0,0,3.4659,2,0,4,2,0,0,5,0,0,4,3,3,4,4,4,3,3,2,3,4
0,0,0,0,0,0,1,0,0,0,0,0,1,0,0,0,0,0,3.5574,0,2,2,2,0,0,3,0,0,4,2,3,0,5,2,0,0,3,0,4
0,0,0,1,0,0,1,0,0,0,0,0,1,0,0,0,0,0,2.5,0,0,0,3,0,0,0,0,0,4,4,0,0,0,0,0,0,0,0,0
0,0,0,0,0,0,1,0,0,0,0,0,0,0,0,0,0,0,3.0,0,0,0,0,0,4,0,0,0,0,0,0,0,0,0,0,0,0,0,0
1,0,0,1,1,0,1,0,0,0,0,0,0,0,1,0,0,0,3.1053,0,3,0,3,0,0,0,0,0,0,0,0,0,4,0,0,0,0,4,3
0,0,0,0,1,0,1,0,0,0,0,0,0,0,1,0,0,0,2.85,0,4,0,3,0,0,0,0,0,3,0,0,0,0,0,0,0,0,0,3
0,0,0,1,0,0,1,0,0,0,0,0,0,0,0,0,0,0,3.6222,3,0,3,0,0,0,0,0,0,0,0,3,0,0,4,0,0,4,0,0
0,0,0,0,0,0,1,0,0,0,0,1,0,0,0,0,1,0,4.0535,4,3,5,4,0,0,0,4,5,0,0,4,4,4,4,0,5,5,5,5
0,0,0,0,0,0,1,0,0,0,0,0,0,0,1,0,0,0,3.25,0,5,0,0,0,0,0,0,0,0,0,0,0,0,0,0,0,0,3,0
1,0,0,0,1,0,0,0,0,0,0,0,0,0,1,0,0,0,3.5695,3,2,5,4,0,3,2,2,0,3,4,3,4,4,3,2,0,0,0,4
0,0,0,0,0,0,1,0,0,0,0,0,0,0,0,0,0,0,3.4565,3,0,3,0,0,0,0,0,3,0,3,0,4,0,3,0,0,3,0,0
0,0,0,0,0,0,1,0,0,0,0,0,0,0,1,0,0,0,3.2,2,2,0,0,0,0,0,0,0,0,3,0,0,0,4,0,0,0,0,0
1,0,0,0,0,0,1,0,0,0,0,0,0,0,0,0,0,0,3.36,0,2,4,0,0,0,0,0,3,0,3,0,0,5,2,0,0,1,0,0
0,0,0,0,0,1,0,0,0,0,0,0,0,0,0,0,0,0,3.3333,0,0,0,0,0,0,0,0,0,0,0,0,0,0,0,3,0,0,0,3
0,0,0,0,1,0,1,0,0,0,0,1,0,0,1,0,0,0,4.0,0,0,0,0,0,0,0,0,0,0,0,0,0,0,0,0,0,0,0,0
0,0,0,1,0,0,0,1,0,0,0,0,1,1,0,0,0,0,2.9141,0,0,2,2,0,0,0,4,2,0,3,0,3,3,4,3,3,0,0,4
0,0,0,0,0,0,1,0,0,0,0,0,0,0,0,0,0,0,3.8041,0,0,0,0,0,2,5,0,4,5,4,0,0,5,0,0,3,0,0,0
0,0,0,0,0,0,0,0,0,0,0,0,1,0,0,0,0,0,2.8571,0,0,0,0,0,0,0,0,0,0,0,0,0,0,0,0,0,0,0,0
0,0,0,1,0,0,1,0,0,0,0,0,0,0,0,0,0,0,3.225,0,0,0,2,0,0,0,0,0,4,3,2,0,0,3,0,0,0,0,3
0,0,0,0,0,0,1,0,0,0,0,0,0,0,0,0,0,0,3.4444,0,0,0,0,0,0,0,0,0,0,0,0,0,0,0,0,0,4,0,0
0,0,0,1,1,0,0,0,0,0,0,0,0,0,0,0,0,0,3.8333,0,0,0,0,0,0,0,0,0,4,0,0,0,0,0,0,0,4,0,4
0,0,0,0,0,0,1,0,0,0,0,0,0,0,0,0,0,0,3.5566,0,0,0,3,0,5,0,4,0,5,4,3,4,0,0,0,0,0,2,0
0,0,0,1,0,0,1,0,0,0,0,0,0,0,0,0,0,0,2.931,0,0,0,0,0,0,0,0,0,4,2,0,0,0,0,0,3,0,0,0
0,0,0,0,1,0,0,0,1,0,0,0,0,0,1,0,0,0,3.9118,4,0,0,5,0,0,0,5,4,0,0,3,0,0,4,0,0,0,0,5
0,0,0,0,0,0,1,0,0,0,0,0,1,0,0,0,0,0,3.2857,2,0,0,0,0,0,0,0,0,0,0,3,0,0,0,0,0,0,0,0
0,0,0,1,0,0,1,0,0,0,0,0,0,0,0,0,0,0,3.3333,0,0,0,0,0,0,0,0,0,0,0,4,0,0,0,0,0,0,0,0
0,0,0,1,0,0,0,0,0,0,0,0,1,0,0,0,0,0,3.1935,0,0,0,2,0,0,0,0,0,4,0,0,0,3,2,0,0,3,0,0
0,0,0,1,0,0,0,0,0,0,0,0,1,0,0,0,0,0,3.4588,0,0,4,2,0,4,4,4,0,3,3,4,3,5,4,4,0,0,0,3
0,0,0,1,0,0,0,0,0,0,0,0,0,0,0,0,0,0,3.0612,0,0,4,0,0,0,0,0,3,0,0,0,3,3,3,0,2,2,0,0
0,0,0,1,1,0,1,0,0,0,0,0,0,0,0,0,0,0,3.7647,3,3,0,2,0,4,4,3,5,4,4,4,0,5,0,0,3,0,4,0
0,0,0,1,0,0,1,0,0,0,0,0,1,0,0,0,0,0,3.4185,4,0,5,0,0,0,5,0,5,3,3,3,0,5,4,2,3,3,3,0
0,0,0,0,0,0,1,0,0,0,0,0,1,0,0,0,0,0,3.0,4,0,3,0,0,0,0,0,0,0,0,0,0,0,0,0,0,0,0,0
0,0,0,1,0,0,1,0,0,0,0,0,0,0,0,0,0,0,2.3333,0,0,0,0,0,0,0,0,0,0,0,0,0,0,0,0,0,0,0,0
0,0,0,1,0,0,1,0,0,0,0,0,1,0,0,0,0,0,2.961,0,0,0,0,0,0,4,3,0,0,3,0,3,5,0,0,0,2,3,3
0,0,0,0,0,0,0,0,0,1,0,0,0,0,1,0,0,0,3.8086,3,3,5,4,0,4,5,3,0,4,4,3,4,5,4,0,3,3,4,4
0,0,0,0,0,0,1,0,0,0,0,0,0,0,0,0,0,0,3.1552,0,0,0,0,0,0,0,0,0,4,3,0,0,0,2,0,3,3,0,0
0,0,0,0,1,0,1,0,0,0,0,0,0,0,0,0,0,0,4.4452,3,3,5,5,0,4,5,4,5,4,4,4,4,5,5,2,4,0,5,5
0,0,0,0,0,1,0,0,0,0,0,0,0,0,0,0,0,0,2.5,0,0,0,0,0,0,0,0,0,0,0,0,0,0,0,0,0,0,0,0
0,0,0,0,1,0,0,0,0,0,0,1,0,0,1,0,0,0,4.3858,3,4,5,4,0,5,5,5,5,4,5,1,5,5,4,3,0,5,0,5
0,0,0,1,0,0,0,0,0,0,0,0,1,0,0,0,0,0,3.6614,4,3,4,3,0,5,3,4,4,4,4,3,4,5,4,4,4,3,4,4
0,0,0,0,0,0,1,0,0,0,0,0,0,0,0,0,0,0,3.9118,3,3,0,4,0,4,0,0,4,0,5,2,0,5,0,0,3,3,3,4
0,1,0,1,0,0,0,0,0,0,1,0,0,0,0,0,0,0,2.7619,0,0,0,0,0,0,0,3,0,0,3,3,2,3,2,0,0,0,0,3
0,0,0,0,1,0,1,0,0,0,0,0,0,0,0,0,0,0,3.6484,4,4,0,4,0,3,0,3,0,3,4,2,4,3,4,0,3,3,0,4
0,0,0,1,0,0,1,0,0,0,0,0,0,0,0,0,0,0,3.5745,2,3,4,2,0,0,4,0,4,0,0,0,4,0,0,0,0,0,0,3
0,0,0,0,0,0,1,0,0,0,0,0,1,0,0,0,0,0,4.2626,4,3,5,4,0,5,0,0,0,5,4,0,0,5,0,0,4,4,4,5
0,0,0,1,0,0,0,0,0,0,0,0,0,0,0,0,0,0,2.2941,0,0,0,0,0,0,0,4,0,2,0,0,0,0,0,0,0,0,0,2
0,0,0,0,0,1,0,0,0,0,0,0,0,0,0,0,0,0,3.8148,0,0,0,0,0,0,0,0,0,0,0,0,0,0,0,4,3,0,0,0
0,0,0,1,0,0,0,1,0,0,0,0,1,0,0,0,0,0,3.7643,3,3,5,3,4,3,4,4,0,4,3,3,4,4,5,4,3,0,0,4
0,0,0,0,0,0,1,0,0,0,0,0,0,0,0,0,0,0,3.6866,4,2,5,4,0,4,0,0,0,0,0,0,0,4,0,0,0,4,0,4
0,0,0,0,0,0,1,0,0,0,0,0,0,0,0,1,0,0,4.1,4,0,0,5,0,5,5,0,4,4,0,3,0,0,0,0,5,0,4,4
0,0,0,0,0,0,1,0,0,0,0,1,0,0,0,0,0,0,3.7297,3,3,5,0,0,4,0,0,4,4,0,2,0,0,5,0,5,5,2,0
0,0,0,1,0,0,0,0,0,0,0,0,0,0,0,0,0,0,3.0,0,0,0,0,0,0,0,0,0,0,0,0,0,0,0,0,0,0,0,0
0,0,0,0,1,0,0,0,1,0,0,0,0,0,0,0,0,0,3.2258,3,3,4,3,0,0,0,0,4,0,0,3,4,4,2,0,0,4,0,3
0,0,0,1,0,0,1,0,0,0,0,0,0,0,0,0,0,0,3.0,0,0,0,0,0,0,0,0,0,0,0,0,3,0,0,0,0,0,0,0
0,0,0,1,0,0,1,0,0,0,0,0,1,0,0,0,0,0,3.8769,3,3,0,0,0,2,0,4,4,0,0,0,0,0,4,0,0,4,0,4
0,0,0,0,0,0,1,1,0,0,0,0,0,0,0,0,0,0,3.6981,3,2,5,4,4,2,5,3,5,5,4,3,0,5,5,4,4,0,4,4
0,0,0,0,0,0,1,0,0,0,0,0,1,0,0,0,0,0,3.1111,0,0,0,0,0,4,0,0,0,0,0,0,0,0,0,0,0,0,0,0
0,0,0,0,0,0,1,0,0,0,0,0,0,0,0,0,0,0,3.4286,3,0,0,0,0,0,5,0,0,0,0,0,0,0,0,0,0,0,0,0
0,0,0,0,0,0,1,0,0,0,0,0,0,0,0,0,0,0,3.4752,3,4,0,3,3,5,4,4,4,4,4,0,3,4,0,4,4,4,4,0
0,0,0,0,0,0,0,0,0,1,0,0,0,1,0,0,0,0,4.0344,3,4,5,4,0,0,5,4,5,4,4,4,4,5,5,3,4,4,0,5
0,0,0,0,0,0,1,0,0,0,0,0,0,0,0,0,0,0,3.5897,0,0,3,0,0,4,5,0,0,4,2,3,0,4,4,0,4,3,0,0
0,0,0,0,0,0,0,0,0,0,0,0,0,0,0,1,0,0,3.0,0,0,0,0,0,0,0,0,0,0,0,0,0,0,0,0,0,0,0,0
1,0,0,0,0,0,0,0,0,0,0,0,0,0,0,0,0,0,2.7234,0,0,0,0,0,0,0,0,0,0,0,0,0,0,1,0,0,0,0,0
0,0,0,0,0,0,0,0,0,1,0,0,0,0,1,0,0,0,3.1712,0,4,0,0,0,0,5,3,0,0,0,2,4,4,5,4,0,0,0,4
0,0,0,0,0,0,1,0,0,0,0,0,0,0,0,0,0,0,2.3333,0,0,0,0,0,0,0,0,0,0,0,0,0,0,0,0,0,0,0,0
0,0,0,0,1,0,1,0,0,0,0,0,0,0,0,0,0,0,4.2833,5,5,5,5,4,4,5,4,5,5,0,4,4,5,5,4,5,4,5,5
0,0,0,0,0,0,1,0,0,0,0,1,1,0,1,0,0,0,2.2,0,0,0,0,0,0,0,0,0,0,0,0,0,0,1,0,0,0,0,0
0,0,0,0,0,0,1,0,0,0,0,0,1,0,0,1,1,0,3.4568,0,2,0,3,0,0,5,0,0,4,3,0,0,5,0,0,4,0,2,3
0,0,0,0,0,0,1,1,0,0,0,0,1,0,0,0,0,0,3.0,0,0,0,0,0,0,0,0,0,0,3,0,0,4,0,0,0,0,0,0
1,1,0,0,0,0,0,0,0,0,0,0,0,0,1,0,0,0,3.0215,0,0,0,0,0,0,0,0,0,0,3,0,0,5,3,0,0,0,0,3
1,0,0,0,0,0,0,0,0,1,0,0,0,0,0,0,0,0,3.775,3,5,5,5,0,4,5,3,5,3,4,4,4,5,5,5,0,0,4,5
0,0,0,0,0,0,1,0,0,0,0,0,1,0,0,0,0,0,4.1923,2,0,0,0,0,5,0,3,4,4,0,4,0,5,0,0,0,0,0,0
0,0,0,1,0,0,0,0,0,1,0,1,0,0,1,0,0,0,3.4414,2,4,5,3,0,0,5,4,3,3,3,3,3,5,4,4,0,3,0,4
1,0,0,0,1,0,1,0,0,0,0,0,0,0,1,0,0,0,3.768,0,0,5,4,0,0,0,5,3,0,3,0,5,4,4,3,0,0,4,5
0,0,0,1,1,0,0,0,0,0,0,0,1,0,0,0,0,0,3.675,0,0,4,3,0,0,0,4,4,0,3,0,5,5,2,0,0,4,0,4
0,0,0,0,0,0,1,0,0,0,0,0,1,0,0,0,0,0,3.9655,0,4,0,0,0,2,0,0,0,0,0,0,0,0,0,0,5,4,4,0
0,0,0,1,1,0,0,0,0,0,0,0,0,0,0,0,0,0,3.7854,0,0,0,4,0,5,0,5,0,5,4,3,4,4,5,4,3,4,3,4
1,0,0,0,0,0,0,0,0,0,0,0,0,1,0,0,0,0,3.2322,2,4,4,0,0,0,0,0,0,0,0,0,0,0,2,3,0,3,0,4
0,0,0,0,0,0,1,0,0,0,0,0,0,0,0,0,0,0,3.7761,3,4,4,4,0,0,0,5,4,4,5,0,4,4,0,4,0,0,0,4
0,0,0,0,0,0,1,0,0,0,0,0,0,0,0,0,0,0,3.7228,2,0,0,0,0,0,0,3,4,5,0,4,3,5,0,0,4,0,4,0
0,0,0,1,0,0,0,0,0,0,0,0,0,1,0,0,0,0,3.0222,0,0,0,0,0,0,0,0,0,3,3,0,0,0,0,0,0,0,0,2
0,0,0,0,0,0,1,0,0,0,0,0,1,0,0,0,0,0,3.7263,4,0,0,0,0,5,4,4,4,4,0,3,0,0,0,4,0,4,0,0
0,0,0,1,0,0,1,0,0,0,0,0,0,0,0,0,0,0,3.5,0,0,0,0,0,0,0,0,0,0,3,0,0,0,0,0,0,0,0,0
0,0,0,0,0,0,1,0,0,0,0,0,0,0,0,0,0,0,3.25,2,3,5,0,0,0,0,0,0,0,0,2,3,0,0,0,4,5,2,3
0,0,0,0,0,0,1,0,0,0,0,0,0,0,0,0,0,0,3.7857,2,0,0,0,0,4,0,0,0,0,0,0,0,0,0,0,0,0,0,0
0,0,0,0,0,0,1,0,0,0,0,0,0,0,0,0,0,0,3.96,0,0,5,4,0,0,0,0,0,0,0,0,0,4,0,0,0,5,0,0
1,0,0,0,0,0,1,0,0,0,0,0,0,1,1,0,0,0,3.2404,0,0,0,3,0,0,4,2,0,4,4,2,0,5,3,0,0,0,0,3
0,0,0,1,0,0,1,0,0,0,0,0,0,0,0,0,0,0,3.7232,3,5,4,0,0,0,0,0,0,0,0,3,4,4,5,4,4,4,0,0
0,0,0,0,0,0,1,0,0,0,0,0,0,0,0,0,0,0,3.6,0,0,0,0,0,0,0,0,0,0,0,0,0,0,0,0,0,0,0,0
0,0,0,1,1,0,0,0,0,1,0,0,0,0,0,0,0,0,2.8148,0,3,0,0,0,0,0,4,0,2,4,0,0,2,4,3,3,4,0,4
0,1,0,0,0,0,1,0,0,0,0,0,0,0,0,0,0,0,3.9312,3,3,4,3,5,0,5,3,4,4,4,4,3,5,3,3,0,3,4,4
0,0,0,0,0,0,1,0,0,0,0,0,0,0,0,1,0,0,3.9926,5,0,0,0,0,0,3,3,5,4,0,3,0,0,0,0,0,0,4,0
0,0,0,0,0,0,1,0,0,0,0,0,0,0,0,0,0,0,4.0,0,4,0,0,0,5,0,0,0,0,0,0,0,0,0,0,5,0,5,3
0,0,0,1,0,0,0,0,0,0,0,0,0,0,0,0,0,0,3.4437,2,3,0,3,0,5,4,4,5,3,4,3,4,4,4,2,4,0,2,4
0,0,0,0,0,0,1,0,0,0,0,1,1,0,1,0,0,0,4.2514,4,4,4,4,0,5,5,5,5,4,4,5,4,5,5,0,0,4,4,5
0,0,0,1,0,0,0,0,0,0,0,0,0,0,0,0,0,0,3.55,3,3,0,0,4,0,5,0,4,2,4,3,3,0,4,4,4,0,0,0
0,0,0,0,1,0,0,0,1,0,0,1,0,0,0,0,0,0,4.1,0,0,0,0,0,5,3,4,4,5,0,5,4,0,0,0,0,0,0,0
1,0,0,0,0,0,1,0,0,0,0,0,0,0,0,0,0,0,3.6667,2,3,1,0,0,0,0,0,0,5,3,4,0,0,0,0,0,0,0,0
0,0,0,0,1,0,1,0,0,0,0,0,0,0,0,0,0,0,4.1866,4,3,5,3,0,4,5,5,5,5,0,4,0,5,5,0,4,4,5,5
0,0,0,1,0,0,0,0,0,0,0,0,0,0,0,0,0,0,2.6,0,0,0,0,0,0,0,0,0,1,0,0,3,0,3,0,0,0,0,0
0,0,0,0,0,0,1,0,0,0,0,0,0,0,0,0,0,0,3.4583,0,0,0,0,0,0,0,0,0,3,3,0,0,4,0,0,0,0,0,0
1,0,0,0,0,0,0,0,0,0,0,0,1,0,1,0,0,0,3.6478,2,3,5,4,0,5,5,5,0,4,4,0,3,4,4,2,2,0,3,4
1,0,0,0,1,0,1,0,0,0,0,0,0,0,1,0,0,0,3.5698,2,3,0,3,0,0,4,4,5,4,3,2,3,0,0,0,0,3,3,4
0,0,0,1,0,0,0,0,0,0,0,0,1,0,0,0,0,0,3.5494,0,0,0,2,0,0,0,4,4,4,3,3,2,5,0,3,4,0,0,3
0,0,0,0,0,0,1,0,0,0,0,0,1,0,0,0,0,0,3.4762,0,0,0,0,0,0,0,0,0,0,0,0,0,0,0,0,0,3,0,0
0,0,0,0,0,0,1,0,0,0,0,0,0,0,0,0,0,0,3.6457,4,4,5,0,0,0,4,3,4,3,4,0,4,5,0,0,4,4,4,4
0,0,0,0,1,0,0,0,0,0,0,0,0,0,1,1,0,0,4.2595,3,0,4,4,0,5,4,4,5,4,0,4,0,5,0,0,4,4,4,0
0,0,0,0,1,0,0,0,0,0,0,0,0,0,0,0,0,0,3.2105,3,4,0,0,0,0,0,0,0,0,0,0,0,0,0,0,0,0,0,3
0,0,0,0,0,0,1,0,0,0,0,0,0,0,0,0,0,0,3.9939,3,0,0,0,0,4,4,4,5,5,0,4,0,0,0,4,4,0,4,4
0,0,0,0,0,0,1,1,0,0,0,0,1,0,0,0,0,0,3.8041,3,1,0,4,0,5,5,0,4,4,0,4,4,5,3,0,4,4,4,4
0,0,0,0,0,0,1,0,0,0,0,0,0,0,0,0,0,0,3.7692,0,0,0,0,0,0,0,0,0,0,0,0,0,0,0,0,0,0,0,0
1,0,0,0,0,0,0,0,0,0,0,0,0,0,1,0,0,0,3.5,0,0,0,0,0,0,0,0,0,0,0,0,0,0,0,0,0,0,0,0
0,0,0,0,0,0,1,0,0,0,0,0,0,0,0,0,0,0,3.6,3,0,0,0,0,3,0,0,0,4,0,0,0,5,0,0,0,3,3,0
0,0,0,0,0,0,1,0,0,0,0,0,0,0,0,0,0,0,3.4815,0,2,0,2,0,0,4,3,4,4,4,0,2,5,3,0,3,0,0,0
0,0,0,0,1,0,0,0,0,0,0,1,0,0,1,0,0,0,4.0,0,3,0,0,0,5,4,3,5,5,0,4,4,0,0,0,0,4,0,0
0,0,0,0,0,0,1,0,0,0,0,0,0,0,0,0,0,0,3.24,0,0,4,3,0,0,0,0,0,0,0,0,3,0,0,2,0,0,0,0
0,0,0,0,0,0,1,0,0,0,0,0,0,0,0,0,0,0,3.5417,0,0,0,0,0,5,5,0,4,4,0,3,0,0,5,4,0,0,0,0
0,1,0,0,0,0,0,0,0,0,0,0,0,0,0,0,0,0,3.9032,0,0,0,0,0,4,0,0,0,4,4,3,1,5,0,0,0,3,0,0
0,0,0,1,0,0,1,0,0,0,0,0,0,0,0,0,0,0,3.9231,0,0,0,0,0,0,0,0,0,0,0,0,0,5,0,0,0,0,0,4
0,0,0,1,0,0,0,0,0,0,0,0,1,0,0,0,0,0,3.4861,0,0,4,0,0,3,0,0,0,4,0,0,0,4,0,0,0,0,0,4
0,0,0,0,0,0,1,0,0,0,0,0,0,0,0,0,0,0,3.2564,3,0,0,0,0,0,0,0,0,0,0,1,0,1,0,3,0,0,0,0
0,0,0,1,0,0,0,0,0,0,0,0,0,0,0,0,0,0,2.5185,0,0,0,0,0,0,0,0,0,2,3,0,0,3,1,0,0,0,0,1
0,0,0,0,1,0,1,0,0,0,0,0,0,0,0,0,0,0,4.0645,3,4,0,0,0,4,0,0,0,0,0,0,0,0,0,0,0,0,0,3
1,1,0,0,0,0,0,0,0,0,0,0,1,0,1,0,0,0,3.215,0,1,3,0,0,0,5,3,0,3,4,0,3,2,2,0,2,0,0,3
0,0,0,0,0,0,1,0,0,0,0,0,0,0,0,0,0,0,3.0,0,0,0,0,0,0,0,0,0,0,0,0,0,0,0,0,0,0,0,0
1,0,0,1,0,0,0,0,0,0,0,0,1,0,0,0,0,0,3.3333,0,0,0,2,0,0,4,0,0,4,0,2,0,4,0,0,0,0,0,0
0,0,0,0,1,0,0,0,0,0,0,1,0,0,1,0,0,0,3.9865,0,4,0,4,0,4,0,4,0,0,0,2,4,5,5,4,0,0,0,5
0,0,0,0,0,0,1,0,0,0,0,0,1,0,0,0,0,0,2.7358,1,0,4,0,0,1,0,0,0,0,3,0,0,2,4,4,0,0,0,0
0,0,0,1,0,0,1,0,0,0,0,0,1,0,0,0,0,0,3.3636,0,0,0,0,0,4,2,0,0,4,2,0,0,4,0,0,3,3,0,0
0,0,0,0,1,0,1,0,0,0,0,0,0,0,0,0,0,0,3.4,3,3,0,4,0,0,4,4,4,0,0,3,0,0,0,0,0,0,0,4
0,0,0,0,0,0,1,0,0,0,0,0,0,0,1,0,0,0,3.6,0,0,3,2,0,0,0,0,4,4,4,2,4,0,3,0,0,0,0,3
0,0,0,0,1,0,1,0,0,0,0,0,0,0,1,0,0,0,2.878,0,3,1,0,0,0,5,0,0,3,0,0,0,0,0,0,0,0,0,3
0,0,0,0,0,0,1,0,0,0,0,0,0,0,0,1,0,0,3.6929,0,4,5,5,5,0,0,5,0,3,3,2,4,4,0,0,0,0,3,5
0,0,0,0,1,0,0,0,0,1,0,0,0,0,1,0,0,0,4.2897,3,4,5,4,5,5,5,3,5,4,5,4,4,5,5,4,4,4,4,5
0,0,0,0,0,0,1,0,0,0,0,0,0,0,0,0,0,0,3.7782,3,3,5,3,5,0,5,3,5,3,4,3,5,4,3,0,3,0,0,0
0,0,0,1,0,0,0,0,0,0,1,0,1,0,0,0,0,0,3.3471,0,0,0,3,0,0,5,0,0,4,4,3,0,5,5,4,4,0,4,3
0,0,0,0,0,0,1,0,0,0,0,0,0,0,1,0,0,0,3.0313,0,0,0,0,0,0,3,0,0,0,0,0,0,0,0,0,0,0,0,2
1,0,0,0,0,0,0,0,0,0,0,0,0,0,0,0,1,0,3.9491,3,4,0,4,0,5,5,4,5,4,4,3,4,0,5,4,0,0,4,0
0,0,0,1,0,0,1,0,0,0,0,0,1,0,0,0,0,0,3.7175,4,0,4,2,0,0,0,3,3,3,4,3,3,5,3,0,5,4,3,0
1,0,0,0,0,0,1,0,0,0,0,0,0,0,1,0,0,0,3.2903,0,4,0,2,0,0,0,3,0,3,2,2,3,0,4,3,0,0,0,3
0,0,0,0,0,0,1,0,0,0,0,0,0,0,0,0,0,0,3.9172,4,3,5,3,0,4,4,3,4,5,4,4,4,0,0,0,0,4,3,4
0,0,0,0,1,0,1,0,0,0,0,0,0,0,0,0,0,0,3.8197,3,0,0,4,0,0,5,4,5,5,0,4,3,0,0,0,4,0,4,0
0,0,0,1,0,0,0,0,0,0,0,0,0,0,0,0,0,0,2.875,0,0,4,0,0,0,0,0,0,0,0,0,2,0,2,0,0,0,0,0
0,0,0,0,0,0,1,1,0,1,0,0,0,0,0,0,0,0,2.8958,0,0,0,0,0,0,0,0,0,0,3,0,0,0,0,0,0,0,0,0
0,0,0,0,0,0,1,0,0,0,0,0,0,0,0,1,0,0,4.1322,3,0,0,4,0,5,4,3,5,5,5,4,4,0,0,0,5,0,4,0
0,0,0,0,0,0,1,0,0,0,0,0,0,0,0,1,0,0,3.8,0,4,0,0,0,4,0,0,0,0,0,0,0,0,0,0,0,0,0,0
0,0,0,1,0,0,0,0,0,0,0,0,0,0,0,0,0,0,3.9058,4,3,0,3,0,5,5,4,5,0,0,4,4,5,5,4,0,3,4,4
0,0,0,1,0,0,0,0,0,0,0,0,0,0,0,0,0,0,3.6905,0,2,0,2,0,0,0,0,0,0,0,0,0,3,4,4,0,0,4,4
0,0,0,0,1,0,1,0,0,0,0,0,0,0,0,0,0,0,3.6714,4,2,5,3,0,0,0,4,0,3,0,4,0,0,4,4,0,4,0,4
0,0,0,1,0,0,1,0,0,0,0,0,1,0,0,0,0,0,3.5526,3,0,0,0,0,0,0,3,0,3,3,0,3,3,4,3,0,0,0,0
1,0,0,0,0,0,1,0,0,0,0,0,0,0,0,1,0,0,4.1515,2,2,5,3,0,4,4,4,4,5,5,4,5,5,5,4,3,4,0,5
0,0,0,0,0,0,1,0,0,0,0,0,0,0,0,0,0,0,4.0205,4,3,5,4,0,5,5,0,5,5,4,3,5,0,0,4,4,3,4,0
0,0,0,1,0,0,1,0,0,0,0,0,0,0,0,0,0,0,3.5455,0,0,0,0,0,0,0,0,0,0,0,0,0,0,0,0,5,0,3,0
0,0,0,0,0,0,1,0,0,0,0,0,0,0,0,0,0,0,2.9783,0,5,0,3,0,0,0,4,0,4,2,0,0,2,2,0,0,0,0,4
0,0,0,0,0,0,1,0,0,0,0,0,0,0,0,0,0,0,3.8512,4,3,0,3,0,5,0,4,5,4,4,0,0,5,0,0,4,0,4,0
0,0,0,0,1,0,0,0,0,0,0,0,0,0,1,0,0,0,3.6442,0,0,4,2,0,0,3,4,0,4,4,0,4,4,4,0,3,2,0,4
0,0,0,0,1,0,1,0,0,0,0,0,0,0,1,0,0,0,2.5,0,0,0,0,0,0,0,0,0,0,0,0,0,0,0,0,0,0,0,0
0,0,0,1,0,0,1,0,0,0,0,0,1,0,0,1,0,0,3.8536,2,2,5,3,5,1,5,2,5,4,3,4,5,4,5,2,3,1,4,4
1,0,0,0,0,0,0,0,0,0,0,0,0,1,1,0,0,0,3.0361,0,1,1,0,0,0,4,4,0,0,0,0,0,0,3,0,0,0,0,3
0,0,0,0,0,0,1,1,0,1,0,0,0,0,1,0,0,0,3.5041,3,5,0,4,0,5,5,4,0,0,4,3,0,4,0,4,3,0,3,4
0,0,0,0,1,0,0,0,0,1,0,0,0,0,0,0,0,0,4.1004,4,5,5,5,0,5,5,4,5,5,0,3,4,4,5,0,4,4,0,4
0,0,0,0,0,0,0,0,0,0,0,0,0,0,1,0,0,0,2.4054,0,0,0,0,0,0,0,0,0,0,0,0,0,0,1,0,0,0,0,1
0,0,0,0,0,0,1,0,0,0,0,0,0,0,0,0,0,0,3.0,0,0,0,0,0,0,0,0,0,0,0,0,0,0,0,0,0,0,0,0
0,0,0,1,0,0,0,0,0,0,0,0,0,0,0,0,0,0,3.875,4,3,5,4,5,0,5,5,4,5,3,3,5,4,4,4,4,4,2,5
0,0,0,0,0,0,1,0,0,0,0,0,0,1,0,0,0,0,3.8035,4,2,5,3,0,3,3,0,4,4,4,2,4,5,4,1,3,4,4,5
0,0,0,0,0,0,1,0,0,0,0,0,1,0,0,0,0,0,3.6012,3,5,0,4,0,0,4,3,5,4,5,4,3,0,4,4,4,5,4,3
0,0,0,1,0,0,0,1,0,0,0,0,0,0,0,0,0,0,2.75,0,0,0,0,0,0,0,0,0,3,0,0,0,0,0,0,0,0,0,0
0,0,0,0,0,0,1,0,0,0,0,0,0,0,0,0,0,0,3.3158,3,0,5,0,0,3,0,0,3,0,4,0,0,0,0,0,0,0,0,0
0,0,0,0,0,0,1,0,0,0,0,0,0,0,0,0,0,0,3.1429,0,0,5,0,0,0,0,0,0,0,0,0,0,0,0,0,0,0,0,0
0,0,0,0,0,0,1,0,0,0,0,0,1,0,0,0,0,0,3.4268,0,0,0,0,0,5,3,0,0,4,0,3,3,4,0,0,0,0,0,0
1,1,0,0,0,0,0,0,0,0,0,0,0,0,1,0,0,0,3.6931,2,2,5,3,0,3,0,3,4,4,3,2,4,5,3,3,2,3,0,4
0,0,0,0,1,0,1,0,0,0,0,0,0,0,0,0,0,0,3.0,0,0,0,0,0,0,0,0,0,0,0,0,0,0,0,0,0,0,0,0
1,0,0,0,0,0,0,0,0,0,0,0,1,0,0,0,0,0,3.4818,0,0,0,2,5,0,3,3,4,5,4,3,3,4,5,3,2,3,4,3
1,0,0,0,1,0,0,0,0,0,0,0,0,0,1,0,0,0,3.2848,2,0,0,1,0,0,5,4,0,4,2,2,3,4,3,2,0,0,0,4
0,0,0,1,0,0,1,0,0,0,0,0,0,0,0,0,0,0,3.0,3,0,0,0,0,0,0,0,0,0,0,0,0,0,0,0,0,4,0,0
1,1,0,0,0,0,0,0,0,0,0,0,0,0,1,0,0,0,3.3567,0,3,2,3,0,0,0,0,3,4,0,0,3,3,1,0,0,0,0,4
0,0,0,0,1,0,1,0,0,0,0,0,0,0,0,0,0,0,3.8963,0,3,5,0,0,4,4,4,5,0,5,3,0,5,5,5,5,4,4,5
0,0,0,0,0,0,1,0,0,0,0,0,1,0,0,0,0,0,3.2321,0,0,3,2,0,0,0,0,0,3,0,0,0,4,3,0,0,3,0,0
1,0,0,0,1,0,1,0,0,0,0,0,0,0,0,1,0,0,3.6109,3,2,4,3,5,4,0,3,3,4,3,3,0,5,0,0,0,0,0,4
0,0,0,1,0,0,0,0,0,0,1,0,1,0,0,0,0,0,3.3377,0,0,0,3,0,0,0,4,0,4,5,4,3,0,0,0,3,4,3,0
0,0,0,0,0,0,1,0,0,0,0,0,0,0,1,0,0,0,2.5469,1,5,2,2,0,0,0,0,0,0,0,0,0,0,1,0,0,0,2,3
0,0,0,0,0,0,1,0,0,0,0,0,1,0,0,0,0,0,3.94,4,4,0,0,0,5,3,0,4,4,4,2,5,1,0,4,5,4,4,3
0,0,0,0,0,0,1,0,0,0,0,0,0,0,0,0,0,0,3.0612,3,5,0,0,0,0,0,0,0,0,0,0,3,0,0,3,0,0,0,4
0,0,0,0,0,0,1,0,0,0,0,0,0,0,0,0,0,0,2.8,0,0,0,0,0,0,3,0,0,3,0,0,3,0,0,0,0,0,0,0
0,0,0,0,0,0,1,0,0,0,0,0,0,0,1,1,0,0,3.6299,0,1,0,2,0,4,0,3,4,0,4,4,3,5,3,2,0,0,0,4
0,0,0,1,0,0,1,0,0,0,0,0,0,0,0,0,0,0,3.1667,2,3,3,0,0,0,0,0,0,0,0,0,0,0,0,0,0,0,4,0
1,1,0,0,0,0,0,0,0,0,0,0,0,1,0,0,0,0,3.1522,0,2,0,2,0,0,0,2,0,0,0,0,3,4,2,0,0,0,0,4
0,0,0,0,1,0,1,0,0,0,0,0,0,1,1,0,0,0,3.9095,4,5,5,4,0,5,5,4,5,5,2,3,3,2,5,2,0,4,4,5
0,0,0,0,0,0,1,0,0,0,0,0,0,0,0,0,0,0,2.4,0,0,0,0,0,0,3,0,0,0,0,0,0,0,0,0,0,4,0,0
0,0,0,0,0,0,0,0,0,0,0,0,0,0,1,0,0,0,3.1739,0,0,0,1,0,0,0,4,0,0,3,0,0,0,3,0,0,0,0,3
1,0,0,1,0,0,0,0,0,0,1,0,0,0,0,0,0,0,3.8367,4,3,0,2,0,0,5,4,4,3,3,3,4,0,4,2,0,3,3,5
0,0,0,0,0,0,1,0,0,0,0,1,0,0,1,0,0,0,3.5936,2,2,5,0,0,0,0,0,0,0,0,0,0,4,4,2,0,4,1,4
0,0,0,0,0,0,1,0,0,0,1,0,0,0,0,0,0,0,3.625,0,0,0,0,0,0,0,0,0,0,0,0,0,0,0,0,0,0,0,0
0,0,0,0,0,0,1,0,0,0,0,0,0,0,0,0,0,0,3.6667,0,0,0,0,0,0,0,0,0,0,0,3,0,0,0,0,0,0,0,0
0,0,0,1,0,1,0,0,0,0,0,0,0,0,0,0,0,0,3.0,0,0,0,0,0,0,0,0,0,0,0,0,0,0,0,0,0,0,0,0
0,0,0,1,0,0,1,0,0,0,0,0,0,0,0,0,0,0,3.4,4,0,4,0,0,0,0,0,0,2,0,0,0,5,0,0,0,2,4,0
0,0,0,0,0,0,1,0,0,0,0,0,1,0,0,0,0,0,3.6,0,0,0,0,0,0,0,0,0,0,0,0,0,0,0,0,0,0,0,0
0,0,0,0,1,0,1,0,0,0,0,0,0,0,0,0,0,0,3.5,0,0,4,0,0,4,0,0,0,0,0,0,0,0,3,4,0,0,0,0
0,0,0,0,0,0,1,0,0,0,1,0,0,0,0,0,0,0,2.9807,1,2,4,0,0,3,0,0,3,0,5,4,0,3,2,0,0,3,3,2
0,0,0,1,0,0,0,0,0,0,0,0,0,0,0,0,0,0,3.4688,3,0,0,0,0,0,4,3,0,0,3,2,0,5,0,5,0,0,0,4
0,0,0,1,0,0,0,0,0,0,0,0,0,0,0,0,0,0,2.0,0,0,0,0,0,0,0,0,0,0,0,0,0,0,0,0,0,0,0,0
0,0,0,0,0,0,0,0,0,0,0,0,0,0,1,0,0,0,3.5148,2,0,3,3,0,0,0,3,4,4,0,2,3,4,0,2,0,4,0,4
1,1,0,0,0,0,0,0,0,0,0,0,0,1,1,0,0,0,2.943,0,0,3,2,0,0,0,0,4,3,4,0,0,4,3,0,2,0,0,3
0,0,0,1,0,0,1,0,0,0,0,0,0,0,0,0,0,0,3.0741,0,4,0,0,0,0,0,0,0,0,0,1,0,0,0,4,0,4,3,4
0,0,0,0,0,0,1,0,0,0,0,0,0,0,1,0,0,0,3.2781,0,2,0,2,0,0,4,3,5,4,4,3,3,4,4,0,3,3,0,3
0,0,0,1,0,0,1,0,0,0,0,0,1,0,0,0,0,0,3.0,0,0,0,0,0,0,0,0,0,4,0,0,0,3,2,0,0,0,0,0
0,0,0,1,0,0,1,0,0,0,0,0,0,0,0,0,0,0,3.6015,4,4,5,3,0,0,5,4,4,3,4,2,4,0,5,4,4,4,0,4
0,0,0,0,1,0,1,0,0,0,0,0,0,0,0,0,0,0,3.8027,0,0,5,4,0,0,0,4,4,0,0,0,4,5,4,3,0,3,0,4
0,0,0,0,1,0,0,0,1,0,0,1,0,0,1,0,0,0,4.1361,3,3,5,5,0,5,4,5,5,4,0,5,4,0,5,0,4,0,4,0
0,1,0,0,0,0,0,0,0,0,0,0,0,0,0,0,0,0,3.5369,0,2,0,0,0,0,0,0,0,4,4,3,0,5,0,0,0,3,0,0
0,1,0,0,0,0,1,0,0,0,0,0,0,0,0,0,0,0,3.8811,3,4,5,3,0,0,5,4,5,4,4,3,3,5,5,4,3,4,3,4
0,0,0,0,0,0,1,0,0,0,0,0,0,0,0,0,0,0,3.6545,0,0,4,0,0,0,0,0,0,0,0,0,0,0,0,4,0,0,0,0
0,0,0,0,0,0,1,0,0,0,0,0,0,0,0,0,0,0,3.8966,0,0,0,3,0,5,0,3,0,5,5,2,0,0,0,0,5,0,3,0
0,0,0,0,0,0,1,0,0,0,0,0,1,0,0,0,0,0,3.4,0,0,0,0,0,0,0,0,0,0,0,0,0,0,0,0,0,0,0,0
0,0,0,0,0,0,1,0,0,0,0,0,0,0,0,0,0,0,3.3125,2,4,0,2,0,0,3,0,4,4,5,0,3,5,0,0,0,0,0,0
1,0,0,0,0,0,0,0,0,0,0,0,0,0,1,0,0,0,3.0455,0,0,0,2,0,0,0,0,0,4,0,0,2,4,0,0,0,2,0,0
0,0,0,1,0,0,1,0,0,0,0,0,1,0,1,0,0,0,2.625,0,4,0,0,0,0,0,0,0,0,0,2,0,0,0,4,0,0,0,0
0,0,0,1,0,0,1,0,0,0,0,0,0,0,0,0,0,0,3.828,3,4,5,3,0,3,0,0,5,0,0,0,5,5,5,4,0,4,3,4
0,0,0,0,0,0,1,0,0,0,0,0,0,0,0,0,0,0,3.3846,4,2,0,0,0,5,3,0,0,5,4,0,4,3,5,0,4,4,0,3
0,0,0,0,1,0,1,0,0,0,0,1,0,0,0,0,0,0,3.0,3,3,0,3,0,0,0,0,0,0,3,0,0,0,3,0,0,0,0,4
0,0,0,1,0,0,1,0,0,0,0,0,1,0,0,0,0,0,3.9375,0,0,4,0,0,0,0,0,0,5,0,0,4,5,0,0,0,3,0,0
0,0,0,0,0,0,1,0,0,0,0,0,0,0,0,0,0,0,2.875,0,2,0,0,0,2,0,0,0,0,0,0,0,0,0,0,0,0,0,0
0,0,0,0,1,0,1,0,0,0,0,0,0,0,1,0,0,0,4.1209,4,4,5,4,0,5,5,5,4,5,0,4,4,0,5,4,0,4,4,5
0,0,0,0,0,0,1,0,0,0,0,0,0,0,0,1,0,0,3.0,0,0,0,0,0,0,0,0,0,0,0,0,0,0,0,0,0,0,0,0
1,1,0,0,0,0,0,0,0,0,0,1,1,0,1,0,0,0,4.2849,4,4,4,5,4,5,5,4,5,4,0,4,4,5,4,0,4,0,4,0
0,0,0,0,1,0,1,0,0,0,0,0,0,0,0,0,0,0,2.6,3,0,2,0,0,0,0,0,0,0,0,3,0,0,0,0,0,0,2,0
0,0,0,0,0,0,1,0,0,0,0,0,0,0,0,1,0,0,3.7,2,0,0,0,0,5,0,0,0,0,0,0,0,0,0,0,3,0,3,0
0,0,0,1,0,0,0,0,0,0,0,0,0,0,0,0,0,0,3.7407,3,5,5,0,0,0,0,0,0,0,0,0,0,0,0,4,0,0,4,0
0,0,0,1,0,0,0,0,0,0,0,0,0,0,0,0,0,0,3.0188,0,0,0,0,0,0,2,0,0,4,3,0,0,5,3,2,2,3,3,0
0,0,0,0,0,0,1,0,0,0,0,0,0,0,0,0,0,0,3.1667,3,0,0,0,0,0,0,0,0,0,0,0,0,0,0,0,0,0,0,0
0,0,0,0,0,0,1,0,0,0,0,0,0,0,0,0,0,0,3.2727,0,0,0,0,0,5,0,0,0,0,0,0,0,0,0,0,3,0,0,0
0,0,0,0,0,0,1,0,0,0,0,0,0,0,0,1,0,0,4.076,3,4,0,3,0,5,5,0,5,5,4,4,4,4,5,4,3,0,0,0
0,0,0,1,0,0,0,0,0,0,0,0,0,0,0,0,0,0,2.9552,0,0,0,3,0,0,0,0,0,5,4,0,3,0,3,0,0,0,0,0
0,0,0,0,0,0,1,0,0,0,0,0,0,0,0,0,0,0,3.9954,0,3,5,3,0,5,0,5,5,0,4,5,3,5,5,4,0,4,4,4
0,0,0,0,0,0,0,0,0,0,0,0,0,0,1,0,0,0,4.0446,3,4,4,3,0,4,5,4,5,4,4,3,4,5,5,3,3,4,3,4
0,0,0,0,0,0,0,0,0,0,0,0,0,0,1,0,0,0,3.1591,3,0,4,0,0,0,4,0,0,0,0,0,0,2,0,0,0,0,0,3
1,0,0,0,0,0,0,0,0,0,0,0,0,0,1,0,0,0,2.7586,0,0,0,2,0,0,0,0,0,0,3,0,0,0,0,0,0,0,0,3
0,0,0,0,0,0,1,0,0,0,0,0,1,0,0,0,0,0,4.2457,4,5,5,4,0,5,5,3,4,5,5,4,0,5,0,4,4,4,4,5
0,0,0,0,1,0,1,0,0,0,0,1,0,0,1,0,0,0,2.7273,0,0,0,0,0,0,0,0,0,0,0,0,0,0,0,0,0,0,0,0
0,0,0,0,0,0,1,0,0,0,0,0,1,0,0,0,0,0,3.4603,2,0,0,0,0,0,2,0,0,4,4,3,0,5,0,0,0,0,0,3
1,0,0,0,0,0,0,0,0,0,0,0,0,1,1,0,0,0,4.1382,4,3,4,5,0,5,5,5,5,5,4,3,4,0,0,4,4,4,4,5
0,1,0,0,0,0,1,0,0,0,0,0,0,0,0,1,0,0,3.4581,2,0,0,0,0,4,0,0,0,0,0,0,0,5,0,0,0,0,2,0
0,0,0,1,0,0,1,0,0,0,0,0,1,0,0,0,0,0,4.1964,0,0,0,3,0,5,0,0,5,4,0,4,0,3,0,0,0,4,3,4
0,0,0,0,0,0,1,0,0,0,0,0,1,0,0,0,0,0,3.1882,0,0,0,2,0,0,0,0,0,4,2,3,2,0,0,0,0,0,0,0
1,0,0,1,1,0,1,0,0,0,0,0,0,1,0,0,0,0,3.5133,2,1,0,3,0,0,0,3,0,5,3,0,0,5,3,3,0,3,0,4
0,0,0,0,0,0,1,0,0,0,0,1,0,0,0,0,0,0,2.8462,0,0,0,0,0,0,0,0,0,3,2,0,0,0,0,0,0,0,0,0
0,0,0,1,0,0,1,0,0,0,0,0,1,0,0,0,0,0,3.1606,3,3,0,2,0,0,2,4,4,4,3,3,3,4,4,0,0,0,3,4
0,0,0,0,1,0,1,0,0,0,0,0,1,0,0,0,0,0,3.0,0,0,0,0,0,0,0,0,0,0,0,0,0,0,0,0,0,0,0,0
0,0,0,0,0,0,1,0,0,0,0,0,1,0,0,0,0,0,3.2,3,3,0,0,0,0,0,0,0,0,0,0,0,0,0,0,0,0,0,0
0,0,0,0,0,0,1,0,0,0,0,0,0,0,0,0,0,0,4.0,0,0,0,0,0,0,0,0,0,0,0,4,0,0,3,0,0,0,0,0
0,0,0,0,0,0,1,0,0,0,0,0,0,0,0,0,0,0,3.9163,3,4,5,4,5,4,5,3,5,5,4,3,4,5,0,4,4,4,4,4
0,0,0,0,0,0,1,0,0,0,0,0,0,0,0,1,0,0,3.8333,2,2,5,3,0,4,5,3,5,4,0,3,0,0,0,0,4,4,3,0
0,0,0,0,0,0,1,0,0,0,1,0,0,0,0,0,0,0,3.4737,0,2,0,0,0,0,0,0,0,5,0,0,0,0,3,0,0,0,4,0
0,0,0,0,0,0,1,0,0,0,0,0,0,0,0,0,0,0,3.5,0,0,0,0,0,0,0,0,0,0,0,0,0,0,0,0,0,0,0,0
0,0,0,0,0,0,1,0,0,0,0,0,0,0,1,0,0,0,3.4483,2,0,0,0,0,0,4,4,0,3,0,0,0,0,4,0,0,0,0,0
0,0,0,0,0,0,1,0,0,0,0,0,1,0,0,0,0,0,4.0455,4,0,0,0,0,0,0,0,0,0,3,3,0,0,0,0,5,0,0,0
0,0,0,0,0,0,1,0,0,0,0,0,0,0,1,0,0,0,3.0,0,0,0,0,0,0,0,0,0,4,3,0,0,1,3,0,0,0,0,1
0,0,0,0,0,0,1,0,0,0,0,0,1,0,0,0,0,0,3.4872,0,0,0,0,0,0,0,0,4,5,3,4,0,5,0,0,0,0,0,3
0,0,0,0,0,0,1,0,0,0,0,0,0,0,0,0,0,0,3.9058,3,3,4,4,0,0,4,4,4,5,4,3,3,5,3,3,0,0,4,0
0,0,0,0,0,0,1,0,0,0,0,0,0,0,0,0,0,0,2.0,0,0,0,0,0,0,0,0,0,0,0,0,0,0,0,0,0,0,0,0
1,0,0,1,0,0,1,0,0,0,0,0,0,0,0,0,0,0,2.9231,0,0,0,2,0,0,0,0,0,0,0,0,0,0,0,0,0,0,0,0
0,0,0,0,0,0,1,0,0,0,0,0,0,1,1,0,0,0,3.5956,3,0,0,0,0,4,0,0,0,4,0,0,0,0,4,0,0,0,3,4
0,0,0,1,0,0,0,0,0,0,0,0,1,0,0,0,0,0,4.0288,4,0,0,0,0,5,5,3,5,3,4,4,4,0,5,4,0,4,5,4
0,0,0,0,0,0,1,0,0,0,0,0,0,0,0,0,0,0,4.2922,4,0,5,4,0,5,5,4,5,5,0,4,5,5,4,0,0,4,3,5
1,1,0,0,0,0,1,0,0,0,0,0,0,0,0,1,0,0,4.1048,0,0,0,0,0,0,0,4,5,5,0,4,3,5,0,0,0,0,3,0
0,0,0,1,0,0,0,1,0,0,0,0,0,0,0,0,0,0,3.945,4,0,0,3,0,3,5,4,3,5,0,4,4,0,5,0,4,5,5,0
0,0,0,1,0,0,0,0,0,0,0,0,0,0,0,0,0,0,4.1277,0,0,0,0,0,0,0,0,0,0,0,0,0,5,5,4,0,0,0,0
0,0,0,1,0,0,1,0,0,0,0,0,0,0,0,0,0,0,3.1471,2,0,0,0,0,0,0,0,0,3,3,0,0,4,0,0,0,0,0,0
0,0,0,0,0,0,1,0,0,0,0,0,0,0,0,0,0,0,3.375,2,0,3,0,0,0,4,0,4,0,3,0,0,0,0,0,0,0,2,0
0,0,0,1,0,0,1,0,0,0,0,0,0,0,0,1,0,0,2.8,0,0,0,0,0,0,0,0,0,0,0,0,0,0,0,0,0,0,0,0
0,0,0,0,0,0,1,0,0,0,0,0,0,0,1,0,0,0,4.1,4,3,5,3,0,0,0,0,5,4,0,0,0,3,0,0,0,4,0,4
0,0,0,0,0,1,0,0,0,0,1,0,0,0,0,0,0,0,2.4706,0,0,0,0,0,0,0,0,0,0,3,0,0,0,3,0,3,0,0,3
0,0,0,1,0,0,1,0,0,0,0,0,0,0,0,0,0,0,2.875,2,0,0,0,0,0,0,0,0,0,0,0,0,0,0,0,0,0,0,0
0,0,0,1,0,0,1,0,0,0,0,0,0,0,0,0,0,0,3.5946,3,0,4,0,0,5,4,4,3,3,4,0,3,0,3,3,5,0,4,4
0,0,0,0,0,0,1,0,0,0,0,0,0,0,0,0,0,0,3.9412,0,0,0,0,0,0,3,0,0,4,0,3,0,0,0,0,0,0,0,0
0,0,0,0,0,1,0,0,0,0,0,0,0,0,0,0,0,0,3.1111,0,0,0,0,0,0,0,0,0,0,0,0,0,0,0,0,3,0,0,0
0,1,0,1,1,0,0,0,0,0,0,0,1,0,0,0,0,0,3.4545,0,0,5,0,0,0,0,0,0,0,0,0,0,0,0,4,0,0,0,0
0,0,0,1,0,0,1,0,0,0,0,0,1,0,0,0,0,0,3.625,0,0,0,0,0,0,0,0,0,0,0,0,0,5,0,0,0,0,0,0
0,0,0,0,0,0,1,0,0,0,0,0,0,0,0,1,0,0,4.4664,4,5,5,0,5,5,5,4,5,5,5,4,5,5,5,5,5,4,4,5
0,0,0,0,0,0,1,0,0,0,0,0,0,0,0,0,0,0,3.5391,3,4,0,3,0,4,4,3,0,3,3,0,3,5,4,2,4,0,3,4
0,0,0,0,0,1,1,0,0,0,0,0,0,0,0,0,0,0,3.7273,0,2,5,0,0,5,0,0,0,4,0,4,3,0,4,0,0,0,0,0
0,0,0,1,0,0,0,0,0,0,0,0,0,0,0,0,0,0,3.7209,3,4,0,0,0,0,4,3,4,4,4,4,0,4,5,4,4,4,4,0
0,0,0,0,0,0,1,0,0,0,0,0,0,0,0,0,0,0,3.24,3,2,0,0,0,2,0,4,4,0,0,0,0,0,0,0,0,0,0,0
0,0,0,1,0,0,1,0,0,0,0,0,0,0,0,0,0,0,3.927,3,3,4,0,0,5,0,0,0,5,4,0,0,4,5,3,0,3,3,4
0,0,0,1,0,0,0,0,0,0,0,0,0,0,0,0,0,0,3.1613,0,0,0,0,0,4,0,0,0,0,0,0,0,0,0,0,3,0,0,0
0,0,0,1,0,0,0,0,0,0,0,0,1,0,0,0,0,0,3.9111,4,3,5,4,0,3,5,4,4,5,0,0,3,0,5,4,5,4,5,0
1,1,0,1,0,0,0,0,0,0,0,0,0,0,0,0,0,0,3.2462,0,0,4,3,0,0,0,0,0,0,0,0,4,3,4,2,0,0,0,4
0,0,0,0,0,0,1,0,0,0,0,1,0,0,0,0,0,0,4.1094,0,0,0,3,0,0,0,3,0,0,0,5,5,0,0,0,4,0,0,0
1,1,0,1,0,0,0,0,0,0,0,0,1,0,1,0,0,0,3.5625,2,2,0,0,0,4,4,4,4,4,4,2,3,5,4,0,0,0,3,4
0,0,0,1,1,0,0,0,0,0,0,1,1,0,1,0,0,0,3.925,0,0,0,0,0,5,0,4,4,0,0,3,0,0,0,0,4,4,0,0
0,0,0,1,0,0,0,0,0,0,0,0,1,0,0,0,0,0,3.1667,0,0,0,0,0,0,0,0,0,3,0,0,2,4,1,0,0,0,0,0
0,0,0,0,0,0,1,0,0,0,0,0,0,0,0,0,0,0,3.4638,0,5,0,4,0,0,0,4,0,0,2,2,0,0,4,4,3,4,3,4
0,1,0,0,0,0,0,0,0,0,0,0,0,1,0,0,0,0,3.0342,0,0,0,0,0,0,0,3,0,0,3,0,0,0,4,0,0,3,4,2
0,0,0,0,0,0,1,0,0,0,0,0,1,0,0,0,0,0,3.4167,3,2,4,0,0,4,0,0,0,0,0,4,0,0,0,0,4,4,0,0
0,0,0,0,0,0,1,0,0,0,0,0,0,0,0,0,0,0,3.1695,0,0,0,0,0,0,0,0,0,0,0,0,0,0,0,0,0,0,0,0
1,1,0,0,0,0,0,0,0,0,0,0,0,0,1,0,0,0,3.8634,3,3,4,3,0,0,4,3,5,5,4,3,4,5,0,2,0,3,0,4
0,0,0,0,1,0,0,0,0,0,0,1,0,0,1,0,0,0,3.2277,0,0,0,3,4,0,0,0,0,0,3,0,3,1,3,0,0,0,0,3
0,0,0,1,0,0,1,0,0,0,0,0,1,0,0,0,0,0,3.1538,0,0,0,0,0,0,0,0,0,3,3,2,0,0,0,0,0,0,0,0
0,0,0,0,0,0,1,0,0,0,0,0,0,0,0,0,0,0,4.1207,0,0,0,3,0,4,0,3,0,5,0,5,5,0,0,0,3,0,0,0
0,1,0,0,0,0,1,0,0,0,0,0,0,0,0,1,0,0,3.0556,0,0,0,0,0,0,4,0,0,4,3,0,0,0,0,0,0,0,0,0
0,0,0,0,0,0,1,0,0,0,0,1,1,0,1,0,0,0,3.9697,4,4,0,0,0,5,0,3,4,5,0,4,3,5,0,0,0,3,0,0
0,0,0,0,0,0,1,0,0,0,0,0,0,0,0,0,0,0,3.854,3,3,5,0,5,0,5,0,4,4,4,3,4,5,4,2,3,0,3,4
1,0,0,0,1,0,0,0,0,0,0,0,0,0,1,0,0,0,2.9531,2,3,0,3,0,0,5,0,0,0,3,0,1,2,3,0,0,0,3,4
0,0,0,0,0,0,1,0,0,0,0,0,1,0,0,0,0,0,3.4082,4,3,0,2,0,0,0,0,0,0,0,0,0,4,0,0,0,1,4,0
0,0,0,0,1,0,1,1,1,0,0,1,1,0,0,0,0,0,3.136,0,5,4,0,0,0,0,0,0,0,0,0,0,0,3,3,0,4,0,4
0,0,0,0,1,0,1,0,0,0,0,0,0,0,0,0,0,0,3.3415,1,0,4,0,0,3,3,0,0,0,0,0,0,0,0,0,0,0,0,4
1,1,0,0,0,0,0,0,0,0,0,0,0,0,1,0,0,0,3.3554,2,3,0,1,0,0,4,3,0,4,3,2,3,4,4,3,0,0,0,4
0,0,0,1,0,0,0,0,0,0,0,0,0,1,0,0,0,0,3.6341,0,0,0,4,0,0,0,5,0,5,0,4,0,0,4,3,0,0,5,0
0,0,0,0,0,0,1,0,0,0,0,0,1,0,1,0,0,0,3.6218,0,2,3,0,0,5,0,0,0,4,4,3,4,3,4,3,4,4,4,3
0,0,0,0,0,0,0,0,0,1,0,0,0,0,1,0,0,0,2.8846,0,2,0,0,0,0,0,0,0,0,0,0,0,0,3,0,0,0,0,3
0,0,0,0,0,0,1,0,0,0,0,0,0,0,0,0,0,0,4.344,4,0,5,0,0,5,0,4,4,4,0,5,4,5,0,4,0,0,0,0
0,0,0,1,0,0,0,0,0,0,0,0,1,0,0,0,0,0,3.0189,3,1,4,0,0,0,5,0,0,4,4,2,5,0,0,2,0,0,2,0
0,0,0,1,1,0,1,0,0,0,0,0,0,0,1,0,0,0,3.3571,4,2,4,0,0,0,0,0,0,0,0,2,0,0,3,0,0,0,0,4
0,0,0,0,0,0,0,1,0,0,0,0,0,1,0,0,0,0,3.8173,4,2,0,2,0,3,4,5,4,0,4,2,0,0,0,2,3,4,4,5
0,0,0,1,0,0,0,0,0,0,0,0,0,0,0,0,0,0,3.75,0,0,0,0,0,0,0,0,0,0,0,0,0,0,0,0,0,0,0,0
0,0,0,1,0,0,1,0,0,0,0,0,1,0,0,0,0,0,3.9355,0,0,5,0,0,0,0,0,0,0,0,0,0,4,5,4,0,4,4,4
0,0,0,1,0,0,1,0,0,0,0,0,0,0,0,0,0,0,3.5953,4,4,5,0,0,0,5,0,3,0,4,0,4,0,4,2,4,3,2,5
0,0,0,0,0,1,0,0,0,0,0,0,0,0,0,0,0,0,4.0455,0,0,5,0,0,0,0,0,0,0,0,0,0,0,4,0,0,0,0,0
0,0,0,0,0,0,1,0,0,0,0,0,0,0,0,0,0,0,3.7045,3,0,5,0,0,0,0,0,0,0,0,4,0,0,0,0,0,2,0,0
0,0,0,0,1,0,1,0,0,0,0,1,0,0,0,0,0,0,3.1625,3,0,2,0,0,4,0,0,0,4,0,0,0,3,0,0,0,2,0,0
0,0,0,0,0,0,1,0,0,0,0,0,0,0,0,0,0,0,3.3377,4,2,0,0,0,2,0,0,3,0,0,0,0,5,0,3,4,0,0,0
0,0,0,0,0,0,1,0,0,0,0,0,0,0,0,0,0,0,3.7727,3,0,0,4,0,0,0,0,0,0,0,4,0,0,0,0,0,0,0,0
0,0,0,1,0,0,1,0,0,0,0,0,0,0,0,0,0,0,3.0784,0,0,0,2,0,0,0,4,0,3,0,2,0,4,0,0,0,3,3,0
0,0,0,1,0,0,1,0,0,0,0,0,1,0,0,0,0,0,3.7895,4,3,0,0,0,0,0,0,0,0,0,0,0,0,0,4,0,0,3,0
1,1,0,0,0,0,0,0,0,1,0,0,0,1,0,0,0,0,3.9472,2,4,5,4,0,0,5,4,5,4,4,3,3,4,5,4,4,3,0,5
0,1,0,0,0,0,1,0,0,0,0,0,0,0,0,0,0,0,3.8462,0,0,0,0,0,0,0,0,0,0,0,3,0,0,0,0,0,0,3,0
0,0,0,0,0,0,1,0,0,0,0,0,1,0,0,0,0,0,3.6667,0,0,0,0,0,0,0,0,0,0,0,0,3,0,0,0,0,0,0,0
1,1,0,0,0,0,0,0,0,0,0,0,0,0,0,0,0,0,3.9305,3,2,0,3,0,0,4,4,5,3,4,3,4,5,4,3,4,3,3,4
1,1,0,0,0,0,0,0,0,0,0,0,0,1,0,0,0,0,3.1667,0,0,0,0,0,0,0,0,0,0,0,0,0,3,0,0,0,0,0,4
0,0,0,0,0,0,1,0,0,0,0,0,1,0,0,0,0,0,2.4,0,0,0,0,0,0,0,0,0,0,0,0,0,0,0,0,0,0,0,0
1,1,0,0,0,0,0,0,0,0,0,0,0,0,1,0,0,0,3.2061,0,2,0,3,0,0,0,0,0,4,2,2,3,4,3,2,0,0,0,4
0,0,0,0,0,0,1,0,0,0,0,0,0,0,0,0,0,0,3.641,0,0,0,4,0,0,4,0,4,4,0,2,0,0,0,0,0,0,0,0
0,0,0,0,0,0,1,0,0,0,0,0,1,0,0,0,0,0,3.9359,3,0,0,0,0,0,5,3,3,5,4,0,0,0,0,0,3,3,0,0
0,0,0,0,0,0,1,0,0,0,0,0,1,0,0,0,0,0,4.0112,4,4,0,3,0,5,0,4,3,4,5,0,4,5,0,4,5,4,3,0
0,0,0,0,0,0,0,0,0,0,0,1,0,0,1,0,0,0,3.1429,0,0,0,3,0,0,0,0,0,0,3,0,0,0,0,0,0,0,0,1
0,0,0,0,0,0,1,0,0,0,0,0,1,0,0,0,0,0,2.5714,0,0,0,0,0,0,0,0,0,0,0,0,0,0,0,0,0,0,4,0
0,0,0,0,0,0,1,0,0,0,0,0,0,0,0,0,0,0,3.2727,3,0,0,0,0,0,4,0,3,0,0,0,3,0,0,0,0,0,2,0
0,0,0,1,0,0,1,0,0,0,0,0,1,0,0,0,0,0,2.7692,0,0,0,0,0,0,0,0,0,4,3,0,0,4,0,0,0,0,0,0
0,0,0,0,0,0,1,0,0,0,0,0,0,0,0,1,0,0,3.2857,0,0,0,0,0,0,0,0,0,0,0,0,0,0,0,0,0,0,0,0
0,0,0,0,1,0,1,0,0,0,0,0,0,0,0,0,0,0,3.9513,4,4,5,5,0,3,5,5,5,5,4,3,4,4,5,4,4,3,4,5
0,0,0,0,1,0,1,0,0,0,0,0,0,0,1,0,0,0,3.1667,2,2,0,0,0,0,0,0,0,0,0,0,0,0,0,4,0,0,0,0
0,0,0,0,0,0,0,0,0,0,0,0,0,0,1,0,0,0,3.0,0,0,0,2,0,0,0,0,0,4,0,0,0,0,0,0,0,0,0,0
0,0,0,1,0,0,1,0,0,0,0,0,0,0,0,0,0,0,3.7692,3,0,0,0,0,5,4,0,4,0,5,4,4,0,0,0,4,4,3,0
0,0,0,1,0,0,1,0,0,0,0,0,0,0,0,0,0,0,3.4115,0,0,0,3,0,0,2,4,0,4,3,2,3,4,4,3,4,0,4,4
0,0,0,1,0,0,1,0,0,0,0,0,0,0,0,0,0,0,3.6216,3,4,4,2,0,0,0,4,5,0,0,0,0,0,4,3,0,3,0,4
0,0,0,0,0,0,1,0,0,0,0,0,0,0,0,0,0,0,3.5556,3,4,0,0,0,0,0,0,0,0,0,0,0,0,3,0,0,0,0,3
0,0,0,0,0,0,1,0,0,0,0,0,0,0,0,0,0,0,2.75,3,0,0,0,0,0,0,0,0,0,0,4,0,0,0,0,0,0,0,0
0,0,0,0,0,0,1,0,0,0,0,0,0,0,0,0,0,0,3.1222,3,4,3,0,0,0,4,0,0,0,4,0,0,0,3,0,3,0,3,4
0,0,0,1,0,0,0,0,0,0,0,0,1,0,0,0,0,0,2.7586,0,0,0,0,0,0,4,0,0,0,0,0,0,0,0,0,0,0,0,0
0,0,0,0,0,0,1,0,0,0,0,0,0,0,0,0,0,0,3.24,3,2,0,0,0,0,0,0,0,0,0,0,0,0,4,5,0,0,0,0
0,0,0,0,0,0,1,0,0,0,0,0,0,0,0,0,0,0,3.6765,4,3,0,0,0,4,4,4,4,4,4,3,0,5,0,0,5,0,0,0
0,0,0,1,0,0,0,0,0,0,0,0,0,0,0,0,0,0,3.1296,0,0,5,2,0,0,3,4,2,0,3,0,4,0,4,2,3,0,0,4
0,0,0,0,0,0,1,0,0,0,0,0,0,0,0,0,0,0,3.3077,0,0,5,0,0,0,0,0,0,0,0,0,0,0,0,0,0,0,0,0
0,0,0,0,0,0,1,0,0,0,0,0,0,0,0,0,0,0,4.1207,4,4,5,5,0,4,0,5,4,4,0,3,3,0,0,5,4,0,4,5
0,1,0,1,0,0,0,0,0,0,0,0,1,0,0,1,0,0,4.1842,3,0,0,0,0,5,5,5,4,3,0,5,5,4,0,4,5,4,4,0
0,0,0,0,0,0,0,0,0,0,1,0,0,0,0,0,0,0,3.6585,4,0,0,0,0,5,4,4,3,4,0,4,0,0,0,0,0,0,3,0
0,0,0,1,1,0,1,0,0,0,0,0,0,0,0,0,0,0,3.884,4,4,5,0,0,3,0,4,4,0,0,0,4,2,4,4,0,4,0,5
0,0,0,0,0,0,1,0,0,0,0,0,0,0,0,0,0,0,3.7703,3,0,0,3,0,4,5,0,0,0,3,3,5,0,0,4,4,0,4,0
0,0,0,1,0,0,1,0,0,0,0,0,1,0,0,0,0,0,3.6087,4,4,0,3,0,0,0,0,4,4,3,3,0,0,4,0,3,0,0,0
1,0,0,0,0,0,1,0,0,0,0,0,1,0,0,1,0,0,4.1371,4,4,0,0,0,5,5,0,3,4,0,3,5,0,0,4,0,4,4,0
0,0,0,0,0,0,1,0,0,0,0,0,1,0,0,0,0,0,4.1111,0,0,0,0,0,0,0,0,0,0,0,0,0,0,0,0,0,0,0,0
0,0,0,1,0,0,0,0,0,0,0,0,0,0,0,0,0,0,3.9683,3,0,0,0,0,5,4,4,0,5,0,3,0,0,0,0,0,0,4,0
0,0,0,0,0,0,1,0,0,0,0,0,0,0,0,0,0,0,3.3333,0,0,0,0,0,0,0,0,0,0,0,0,0,0,0,0,0,0,0,0
0,0,0,0,0,0,1,0,0,0,1,0,1,0,0,0,0,0,3.7619,0,0,0,0,0,0,0,3,0,0,0,5,0,0,0,0,4,0,3,0
0,0,0,0,1,0,0,0,1,0,0,1,0,0,1,0,0,0,3.386,3,3,0,3,0,0,4,4,0,0,0,4,0,4,0,0,0,0,0,4
0,0,0,0,1,0,1,0,0,0,0,0,1,0,0,0,0,0,3.7143,0,0,0,0,0,0,0,0,0,0,0,3,0,0,0,0,0,0,0,0
0,1,1,1,0,0,0,1,0,0,0,0,0,0,0,0,0,0,3.8783,2,3,4,2,0,0,2,4,0,4,4,3,3,5,5,4,4,0,0,5
0,0,0,1,0,0,1,0,0,0,0,0,1,0,0,0,0,0,3.5399,2,0,0,3,5,0,0,4,4,5,4,3,3,3,4,2,3,0,0,3
0,0,0,1,0,0,0,0,0,0,0,0,1,0,0,0,0,0,3.3605,0,0,4,3,0,0,0,4,4,0,4,0,0,5,4,3,3,3,0,0
1,1,0,0,0,0,0,0,0,0,0,0,0,0,1,0,0,0,2.7,0,0,0,0,0,0,0,0,0,0,2,0,0,3,0,0,0,0,0,2
1,1,0,0,0,0,0,0,0,0,0,0,0,0,1,0,0,0,3.4278,0,3,3,3,0,0,0,0,0,5,0,2,0,0,0,0,0,0,3,4
0,0,0,0,0,0,1,0,0,0,0,0,1,0,0,0,0,0,3.698,4,5,5,0,4,4,5,4,5,0,4,3,5,3,4,0,4,4,0,4
0,0,0,0,1,0,1,0,1,0,0,0,0,0,1,0,0,0,3.6517,4,4,5,5,0,2,0,0,4,4,0,0,0,0,4,0,0,4,0,4
0,0,0,1,0,0,1,0,0,0,0,0,0,0,0,0,0,0,2.5,0,0,0,0,0,0,0,0,0,0,0,0,0,0,0,0,0,0,0,0
0,0,0,0,0,0,1,0,0,0,0,0,1,0,0,1,0,0,3.657,3,2,5,3,0,5,3,0,5,4,5,3,0,5,5,2,4,4,4,0
0,0,0,1,0,0,1,0,0,0,0,0,0,0,0,0,0,0,2.9231,0,1,0,0,0,0,0,0,0,0,0,0,0,0,0,0,0,0,0,0
0,0,0,0,0,0,1,0,0,0,0,0,0,0,0,0,0,0,3.75,0,0,0,0,0,0,0,0,0,0,0,0,0,0,0,0,0,0,0,0
0,0,0,0,0,0,1,0,0,0,0,0,1,0,0,0,0,0,3.5,3,0,4,0,0,5,0,0,0,0,0,0,0,0,0,0,0,0,0,0
0,0,0,0,0,0,1,0,0,0,0,0,1,0,0,0,0,0,3.2857,2,0,0,3,0,2,0,0,2,2,0,0,0,4,0,0,3,1,0,0
0,0,0,1,0,0,0,0,0,0,0,0,1,0,0,0,0,0,3.321,0,0,0,3,0,0,0,3,0,5,3,0,0,4,2,0,0,0,0,0
0,0,0,1,0,0,0,0,0,0,0,0,1,0,0,0,0,0,3.1538,0,0,0,0,0,0,0,0,0,3,0,3,0,3,3,0,0,0,0,0
1,0,0,0,1,0,1,0,0,0,0,0,0,0,0,0,0,0,3.46,3,3,4,0,0,0,0,4,0,0,4,2,2,0,0,4,0,0,0,4
0,0,0,1,0,0,0,0,0,0,0,0,0,0,0,1,0,0,3.7018,0,0,0,3,0,0,0,5,0,5,0,4,3,0,4,3,0,3,4,0
0,0,0,0,0,0,0,0,0,0,0,1,0,0,1,0,0,0,3.3701,2,0,3,2,0,0,0,3,4,0,0,3,4,4,3,0,0,0,3,3
0,1,1,1,1,0,0,0,0,0,0,0,0,0,0,0,0,0,2.7885,0,3,0,2,0,0,2,0,0,0,0,0,0,1,3,0,0,0,0,4
0,0,0,1,0,0,0,0,0,0,0,0,1,0,0,0,0,0,3.3232,1,0,0,2,0,5,4,4,0,4,4,3,3,5,5,0,3,0,0,2
0,0,0,1,0,0,0,0,0,0,0,0,0,0,0,0,0,0,3.7412,3,3,5,4,0,4,4,4,0,0,0,0,3,4,4,3,0,4,4,4
0,0,0,0,0,0,1,0,0,0,0,0,0,0,0,0,0,0,1.9565,0,3,0,0,0,0,0,0,0,0,0,0,0,1,2,0,0,0,0,1
0,0,0,0,0,0,1,0,0,0,0,0,1,0,0,0,0,0,3.6154,0,0,0,0,0,0,0,0,0,5,0,0,0,4,2,0,5,0,0,0
1,0,0,0,0,0,0,0,0,0,0,0,0,0,1,0,0,0,3.7929,3,3,0,3,5,3,3,3,4,0,3,0,4,5,0,4,0,4,0,4
0,0,0,0,0,0,0,0,0,0,0,1,0,0,1,0,0,0,4.3876,4,4,5,5,0,5,5,5,5,5,0,4,4,5,5,4,0,5,0,5
0,0,0,0,0,0,1,0,0,0,0,0,1,0,0,0,0,0,2.1538,0,1,0,1,0,0,0,0,0,0,0,0,0,2,0,0,3,0,0,0
